,County,State,Outbreak Date,Flock Type,Flock Size
0,Jackson,Michigan,12-31-2024,WOAH Non-Poultry,9
1,Miner,South Dakota,12-31-2024,WOAH Poultry,1500
2,Ottawa,Michigan,12-31-2024,Commercial Turkey Meat Bird,29400
3,Butte,California,12-31-2024,WOAH Non-Poultry,70
4,Spartanburg,South Carolina,12-31-2024,Commercial Upland Gamebird Producer,920
5,Ottawa,Michigan,12-31-2024,Commercial Turkey Meat Bird,23400
6,Riverside,California,12-31-2024,Commercial Table Egg Layer,181300
7,Twin Falls,Idaho,12-30-2024,WOAH Non-Poultry,30
8,Tipton,Tennessee,12-30-2024,WOAH Non-Poultry,10
9,Johnson,Nebraska,12-30-2024,Commercial Broiler Production,209100
10,Clay,Arkansas,12-30-2024,Commercial Broiler Production,227500
11,Copiah,Mississippi,12-30-2024,Commercial Broiler Production,210000
12,Edmunds,South Dakota,12-30-2023,Commercial Upland Gamebird Producer,1400
13,Sanilac,Michigan,12-30-2022,WOAH Non-Poultry,30
14,Snohomish,Washington,12-30-2022,WOAH Poultry,180
15,Carson,Texas,12-29-2023,WOAH Non-Poultry,30
16,Mcintosh,North Dakota,12-29-2023,WOAH Non-Poultry,110
17,Pierce,Washington,12-29-2022,WOAH Non-Poultry,40
18,Missoula,Montana,12-28-2023,WOAH Non-Poultry,6
19,Audrain,Missouri,12-28-2023,WOAH Poultry,330
20,Sonoma,California,12-28-2023,Commercial Table Egg Layer,37300
21,Sonoma,California,12-28-2023,Commercial Table Egg Layer,52400
22,Marin,California,12-28-2023,Commercial Table Egg Pullets,151000
23,Weakley,Tennessee,12-28-2022,Commercial Broiler Breeder,19000
24,Elk,Kansas,12-28-2022,WOAH Non-Poultry,30
25,Weakley,Tennessee,12-28-2022,Commercial Broiler Breeder,43600
26,Cooper,Missouri,12-27-2024,Commercial Turkey Breeder Hens,14900
27,Burnett,Wisconsin,12-27-2024,Commercial Turkey Meat Bird,18600
28,Stanislaus,California,12-27-2024,Commercial Broiler Production,101700
29,Ottawa,Michigan,12-27-2024,Commercial Turkey Meat Bird,113200
30,Sheridan,Wyoming,12-27-2024,WOAH Non-Poultry,0
31,Darke,Ohio,12-27-2024,Commercial Table Egg Layer,931300
32,Coffey,Kansas,12-27-2024,WOAH Non-Poultry,50
33,Anderson,Kansas,12-27-2024,WOAH Non-Poultry,40
34,Pemiscot,Missouri,12-27-2024,WOAH Non-Poultry,70
35,Sacramento,California,12-27-2024,Commercial Broiler Production,153800
36,Muskegon,Michigan,12-27-2023,Commercial Turkey Meat Bird,31500
37,Hardin,Ohio,12-27-2023,Commercial Table Egg Pullets,1363900
38,Todd,Minnesota,12-27-2023,Commercial Turkey Meat Bird,78800
39,Garfield,Oklahoma,12-27-2023,WOAH Non-Poultry,30
40,Northumberland,Pennsylvania,12-27-2023,Commercial Raised for Release Upland Game Bird,98300
41,Phillips,Kansas,12-26-2024,WOAH Non-Poultry,10
42,Merced,California,12-26-2023,Commercial Table Egg Layer,709000
43,Riverside,California,12-24-2024,Commercial Table Egg Layer,1105500
44,Stanislaus,California,12-24-2024,Commercial Table Egg Layer,392100
45,San Joaquin,California,12-24-2024,Commercial Table Egg Layer,627800
46,Cass,Missouri,12-24-2024,WOAH Non-Poultry,60
47,Dade,Missouri,12-24-2024,WOAH Non-Poultry,90
48,Adair,Oklahoma,12-24-2024,Commercial Turkey Meat Bird,81400
49,Adair,Oklahoma,12-24-2024,Commercial Turkey Meat Bird,45000
50,Franklin,Vermont,12-24-2024,WOAH Non-Poultry,20
51,Ottawa,Michigan,12-23-2024,Commercial Turkey Meat Bird,75500
52,El Dorado,California,12-23-2024,WOAH Non-Poultry,30
53,Lawrence,Illinois,12-23-2024,Commercial Turkey Meat Bird,40300
54,Glenn,California,12-22-2022,Commercial Upland Gamebird Producer,32000
55,Dodge,Nebraska,12-21-2023,WOAH Non-Poultry,40
56,Edmunds,South Dakota,12-21-2023,Commercial Upland Gamebird Producer,3800
57,St. Clair,Illinois,12-21-2022,WOAH Non-Poultry,60
58,Weakley,Tennessee,12-21-2022,WOAH Poultry,28800
59,Umatilla,Oregon,12-21-2022,WOAH Non-Poultry,10
60,Bates,Missouri,12-21-2022,WOAH Non-Poultry,30
61,Greene,Mississippi,12-20-2024,Commercial Broiler Breeder,26000
62,Chippewa,Minnesota,12-20-2024,Commercial Turkey Meat Bird,54800
63,Cooper,Missouri,12-20-2024,Commercial Turkey Breeder Hens,13000
64,Sedgwick,Kansas,12-20-2024,WOAH Non-Poultry,30
65,Craighead,Arkansas,12-20-2024,WOAH Non-Poultry,50
66,Houston,Minnesota,12-20-2024,WOAH Non-Poultry,60
67,Merced,California,12-20-2023,Commercial Turkey Meat Bird,73700
68,Merced,California,12-20-2023,Commercial Table Egg Layer,243300
69,Mahaska,Iowa,12-20-2023,WOAH Non-Poultry,30
70,Benton,Oregon,12-20-2023,WOAH Non-Poultry,50
71,Charles Mix,South Dakota,12-20-2023,Commercial Upland Gamebird Producer,50
72,Hanson,South Dakota,12-20-2022,Commercial Turkey Meat Bird,31800
73,Gem,Idaho,12-20-2022,WOAH Non-Poultry,80
74,Weld,Colorado,12-20-2022,Commercial Table Egg Layer,239700
75,Stearns,Minnesota,12-19-2024,Commercial Turkey Meat Bird,12600
76,Fillmore,Minnesota,12-19-2024,Commercial Turkey Meat Bird,28600
77,Greene,Ohio,12-19-2024,WOAH Poultry,110
78,Coos,Oregon,12-19-2024,WOAH Non-Poultry,40
79,Cullman,Alabama,12-19-2024,Commercial Broiler Production,116000
80,Jackson,Arkansas,12-19-2024,WOAH Non-Poultry,230
81,Kenosha,Wisconsin,12-19-2024,WOAH Poultry,6
82,Stanislaus,California,12-19-2024,Commercial Table Egg Layer,295800
83,Deschutes,Oregon,12-19-2024,WOAH Non-Poultry,90
84,Pickens,Alabama,12-19-2024,WOAH Non-Poultry,50
85,Sonoma,California,12-19-2023,Commercial Duck Meat Bird,3600
86,Barton,Kansas,12-19-2023,WOAH Non-Poultry,70
87,King,Washington,12-19-2023,WOAH Poultry,90
88,Muskegon,Michigan,12-19-2023,Commercial Turkey Meat Bird,47900
89,Rice,Kansas,12-19-2023,Commercial Table Egg Layer,800000
90,Mcpherson,Kansas,12-19-2023,WOAH Poultry,20000
91,Lassen,California,12-19-2023,WOAH Non-Poultry,90
92,Mendocino,California,12-19-2022,WOAH Non-Poultry,20
93,Doniphan,Kansas,12-18-2024,Commercial Raised for Release Upland Game Bird,5700
94,Nelson,North Dakota,12-18-2024,WOAH Non-Poultry,60
95,Howard,Missouri,12-18-2024,WOAH Non-Poultry,60
96,Rooks,Kansas,12-18-2024,Commercial Raised for Release Upland Game Bird,5300
97,Jefferson Davis,Louisiana,12-18-2024,WOAH Non-Poultry,30
98,Rice,Kansas,12-18-2023,WOAH Non-Poultry,100
99,Edmunds,South Dakota,12-18-2023,Commercial Upland Gamebird Producer,1000
100,Sonoma,California,12-18-2023,WOAH Poultry,38100
101,Sonoma,California,12-18-2023,Commercial Table Egg Layer,497700
102,Lemhi,Idaho,12-17-2024,WOAH Non-Poultry,20
103,Lancaster,Nebraska,12-17-2024,WOAH Poultry,290
104,Worth,Iowa,12-17-2024,Commercial Turkey Meat Bird,19500
105,Lemhi,Idaho,12-17-2024,WOAH Non-Poultry,150
106,Charles Mix,South Dakota,12-17-2024,WOAH Poultry,1800
107,Charles Mix,South Dakota,12-17-2024,Commercial Turkey Meat Bird,74800
108,Bon Homme,South Dakota,12-17-2024,Commercial Turkey Meat Bird,48700
109,Sioux,Iowa,12-17-2024,Commercial Table Egg Layer,428600
110,Stanislaus,California,12-17-2024,Commercial Turkey Meat Bird,33100
111,O'brien,Iowa,12-17-2024,Commercial Table Egg Layer,351400
112,Monona,Iowa,12-17-2024,WOAH Non-Poultry,30
113,Sarpy,Nebraska,12-16-2024,WOAH Non-Poultry,30
114,Merced,California,12-16-2024,Commercial Table Egg Pullets,424700
115,Merced,California,12-16-2024,Commercial Turkey Meat Bird,53100
116,Butte,California,12-16-2022,WOAH Non-Poultry,20
117,Duval,Florida,12-16-2022,WOAH Non-Poultry,10
118,Weld,Colorado,12-16-2022,Commercial Table Egg Layer,1291000
119,Flathead,Montana,12-16-2022,WOAH Non-Poultry,0
120,Latah,Idaho,12-15-2023,WOAH Poultry,200
121,Waseca,Minnesota,12-15-2023,WOAH Non-Poultry,90
122,Polk,Oregon,12-15-2022,WOAH Non-Poultry,20
123,Tulare,California,12-14-2024,Commercial Duck Meat Bird,41100
124,Monterey,California,12-14-2024,Commercial Duck Breeder,13700
125,Merced,California,12-14-2024,Commercial Duck Meat Bird,119000
126,Bossier,Louisiana,12-14-2024,WOAH Non-Poultry,40
127,Darke,Ohio,12-14-2023,Commercial Table Egg Layer,522300
128,Clatsop,Oregon,12-14-2023,WOAH Non-Poultry,30
129,Scott,Arkansas,12-14-2023,WOAH Non-Poultry,180
130,Weakley,Tennessee,12-14-2022,WOAH Poultry,37900
131,Knox,Nebraska,12-14-2022,WOAH Poultry,160
132,Moody,South Dakota,12-14-2022,Commercial Table Egg Layer,1332100
133,Franklin,Washington,12-14-2022,Commercial Table Egg Layer,1015500
134,Spink,South Dakota,12-14-2022,WOAH Poultry,280
135,Redwood,Minnesota,12-14-2022,WOAH Non-Poultry,40
136,Livingston,Illinois,12-13-2024,Commercial Turkey Breeder Hens,40900
137,Barron,Wisconsin,12-13-2024,Commercial Turkey Breeder Hens,13200
138,Tulare,California,12-13-2024,Commercial Broiler Production,514500
139,Weld,Colorado,12-13-2023,WOAH Non-Poultry,30
140,Merced,California,12-13-2023,Commercial Broiler Production,183100
141,Merced,California,12-13-2023,Commercial Table Egg Layer,1358600
142,Rice,Kansas,12-13-2023,Commercial Table Egg Layer,700000
143,San Joaquin,California,12-13-2023,Commercial Duck Breeder,6000
144,Mcpherson,Kansas,12-13-2023,WOAH Poultry,20000
145,Daviess,Indiana,12-13-2022,Commercial Turkey Meat Bird,11400
146,Linn,Oregon,12-13-2022,WOAH Non-Poultry,20
147,Columbia,Oregon,12-13-2022,WOAH Non-Poultry,100
148,Craighead,Arkansas,12-12-2024,WOAH Non-Poultry,10
149,Kingsbury,South Dakota,12-12-2024,Commercial Turkey Meat Bird,39300
150,Pope,Arkansas,12-12-2024,WOAH Non-Poultry,40
151,Sac,Iowa,12-12-2024,Commercial Turkey Meat Bird,45200
152,Dutchess,New York,12-12-2023,WOAH Poultry,4200
153,Lake,South Dakota,12-12-2023,Commercial Turkey Meat Bird,76000
154,St. Louis,Missouri,12-12-2023,WOAH Non-Poultry,20
155,Etowah,Alabama,12-12-2023,WOAH Non-Poultry,80
156,Sac,Iowa,12-12-2022,Commercial Turkey Meat Bird,50000
157,Hanson,South Dakota,12-12-2022,Commercial Turkey Meat Bird,23900
158,Cherokee,Iowa,12-12-2022,Commercial Turkey Meat Bird,50000
159,Buena Vista,Iowa,12-12-2022,Commercial Turkey Meat Bird,51200
160,Ida,Iowa,12-12-2022,Commercial Turkey Meat Bird,90000
161,Wadena,Minnesota,12-12-2022,Commercial Turkey Meat Bird,298100
162,Adair,Oklahoma,12-11-2024,WOAH Poultry,40000
163,Palo Alto,Iowa,12-11-2024,Commercial Turkey Meat Bird,31100
164,Dodge,Nebraska,12-11-2024,WOAH Non-Poultry,10
165,Brule,South Dakota,12-11-2024,Commercial Turkey Meat Bird,50900
166,Sioux,Iowa,12-11-2024,Commercial Table Egg Layer,1575700
167,Olmsted,Minnesota,12-11-2023,Commercial Turkey Breeder Hens,14400
168,Jefferson,Idaho,12-10-2024,WOAH Non-Poultry,60
169,Franklin,Idaho,12-10-2024,WOAH Non-Poultry,40
170,Jewell,Kansas,12-10-2024,WOAH Non-Poultry,40
171,Beadle,South Dakota,12-10-2024,Commercial Turkey Meat Bird,52200
172,Tulare,California,12-10-2024,Commercial Broiler Production,330200
173,Moody,South Dakota,12-10-2024,Commercial Turkey Meat Bird,46700
174,Charles Mix,South Dakota,12-10-2024,Commercial Turkey Meat Bird,32400
175,Stanislaus,California,12-10-2024,Commercial Duck Breeder,81800
176,La Plata,Colorado,12-10-2024,WOAH Non-Poultry,20
177,Cedar,Missouri,12-10-2024,WOAH Non-Poultry,20
178,Daviess,Missouri,12-10-2024,WOAH Poultry,19900
179,Beadle,South Dakota,12-09-2024,Commercial Turkey Meat Bird,50600
180,Kern,California,12-09-2024,WOAH Poultry,45400
181,Hutchinson,South Dakota,12-09-2024,Commercial Turkey Meat Bird,42800
182,Lafayette,Arkansas,12-09-2024,WOAH Non-Poultry,40
183,Onslow,North Carolina,12-09-2022,WOAH Non-Poultry,60
184,Prowers,Colorado,12-09-2022,Commercial Upland Gamebird Producer,11000
185,Osage,Missouri,12-09-2022,Commercial Turkey Meat Bird,19700
186,Clackamas,Oregon,12-09-2022,WOAH Non-Poultry,60
187,Polk,Oregon,12-09-2022,WOAH Non-Poultry,70
188,Barton,Kansas,12-08-2023,WOAH Non-Poultry,30
189,Charles Mix,South Dakota,12-08-2023,Commercial Turkey Meat Bird,32400
190,Barron,Wisconsin,12-08-2023,Commercial Turkey Meat Bird,70000
191,Mills,Iowa,12-08-2023,WOAH Non-Poultry,10
192,Dodge,Minnesota,12-08-2022,Commercial Turkey Meat Bird,10000
193,Dade,Missouri,12-08-2022,WOAH Non-Poultry,30
194,Hamlin,South Dakota,12-08-2022,Commercial Turkey Meat Bird,58100
195,Orleans,Vermont,12-07-2023,WOAH Non-Poultry,40
196,Stanislaus,California,12-07-2023,Commercial Broiler Production,258600
197,Montmorency,Michigan,12-07-2023,WOAH Poultry,100
198,Hardin,Ohio,12-07-2023,Commercial Table Egg Layer,2613600
199,Sonoma,California,12-07-2023,Commercial Duck Meat Bird,4900
200,Darke,Ohio,12-07-2023,Commercial Turkey Meat Bird,15200
201,Carroll,Arkansas,12-07-2023,Commercial Turkey Meat Bird,33300
202,Cherokee,Iowa,12-07-2022,Commercial Turkey Meat Bird,105000
203,Kingsbury,South Dakota,12-07-2022,WOAH Non-Poultry,70
204,Sac,Iowa,12-07-2022,Commercial Turkey Meat Bird,40000
205,Sioux,Iowa,12-06-2024,Commercial Table Egg Layer,4200000
206,Pitkin,Colorado,12-06-2024,WOAH Non-Poultry,50
207,Nemaha,Nebraska,12-06-2024,Commercial Turkey Breeder Hens,12400
208,Stanislaus,California,12-06-2024,WOAH Poultry,44100
209,Washakie,Wyoming,12-06-2024,WOAH Non-Poultry,20
210,Bon Homme,South Dakota,12-06-2023,Commercial Turkey Meat Bird,47600
211,Sonoma,California,12-06-2023,Commercial Table Egg Layer,232000
212,Becker,Minnesota,12-06-2023,Commercial Breeder Operation,20600
213,Todd,Minnesota,12-06-2023,Commercial Turkey Meat Bird,64000
214,Hamlin,South Dakota,12-06-2023,Commercial Turkey Meat Bird,56200
215,Pawnee,Oklahoma,12-06-2022,WOAH Non-Poultry,30
216,Harrison,Missouri,12-06-2022,WOAH Non-Poultry,30
217,Denton,Texas,12-06-2022,WOAH Non-Poultry,40
218,Larimer,Colorado,12-06-2022,WOAH Non-Poultry,2
219,Lamoille,Vermont,12-06-2022,WOAH Non-Poultry,50
220,San Joaquin,California,12-05-2024,Commercial Duck Meat Bird,13000
221,Merced,California,12-05-2024,Commercial Table Egg Layer,1723800
222,Merced,California,12-05-2024,Commercial Table Egg Layer,793700
223,Merced,California,12-05-2024,Commercial Table Egg Layer,306100
224,Otter Tail,Minnesota,12-05-2023,Commercial Turkey Meat Bird,26300
225,Shawnee,Kansas,12-05-2023,WOAH Non-Poultry,70
226,Stanislaus,California,12-05-2023,Commercial Broiler Production,254400
227,Stanislaus,California,12-05-2023,Commercial Broiler Production,239900
228,Kingsbury,South Dakota,12-05-2023,WOAH Non-Poultry,370
229,Spink,South Dakota,12-05-2023,Commercial Turkey Meat Bird,26600
230,Lawrence,Alabama,12-05-2022,WOAH Non-Poultry,460
231,Buena Vista,Iowa,12-05-2022,Commercial Turkey Meat Bird,40700
232,Charles Mix,South Dakota,12-05-2022,Commercial Turkey Meat Bird,34100
233,Clark,South Dakota,12-05-2022,Commercial Turkey Meat Bird,24300
234,Stanislaus,California,12-04-2024,Commercial Turkey Meat Bird,23100
235,Stanislaus,California,12-04-2024,Commercial Turkey Meat Bird,57700
236,Sacramento,California,12-04-2024,Commercial Turkey Meat Bird,61200
237,Riverside,California,12-04-2024,WOAH Non-Poultry,70
238,Stanislaus,California,12-04-2024,Commercial Table Egg Layer,720800
239,Charles Mix,South Dakota,12-04-2024,Commercial Turkey Meat Bird,65200
240,Barron,Wisconsin,12-04-2023,Commercial Turkey Meat Bird,113800
241,Mcpherson,South Dakota,12-04-2023,Commercial Turkey Meat Bird,40800
242,Pottawatomie,Kansas,12-04-2023,WOAH Non-Poultry,30
243,Johnson,Arkansas,12-04-2023,Commercial Broiler Production,109000
244,Fresno,California,12-03-2024,Commercial Broiler Production,237100
245,Adair,Oklahoma,12-03-2024,Commercial Broiler Breeder,63700
246,Utah,Utah,12-03-2024,WOAH Non-Poultry,30
247,Spink,South Dakota,12-03-2024,Commercial Turkey Meat Bird,41400
248,Mcpherson,South Dakota,12-03-2024,Commercial Turkey Meat Bird,78200
249,Douglas,Kansas,12-03-2024,WOAH Non-Poultry,100
250,Bottineau,North Dakota,12-02-2024,WOAH Poultry,30
251,Union,North Carolina,12-02-2022,WOAH Non-Poultry,9
252,Knox,Nebraska,12-02-2022,WOAH Non-Poultry,10
253,Clark,South Dakota,12-02-2022,WOAH Non-Poultry,40
254,Woodbury,Iowa,12-01-2023,WOAH Non-Poultry,40
255,Canyon,Idaho,12-01-2023,WOAH Non-Poultry,20
256,Darke,Ohio,12-01-2023,Commercial Turkey Meat Bird,33000
257,Bay,Michigan,12-01-2023,WOAH Non-Poultry,60
258,Brookings,South Dakota,12-01-2022,WOAH Non-Poultry,210
259,Lake,South Dakota,12-01-2022,Commercial Turkey Meat Bird,78000
260,Arkansas,Arkansas,12-01-2022,WOAH Non-Poultry,20
261,Jackson,Missouri,12-01-2022,WOAH Non-Poultry,30
262,Lewis And Clark,Montana,11-30-2023,WOAH Non-Poultry,6
263,San Benito,California,11-30-2023,Commercial Duck Breeder,5000
264,Minnehaha,South Dakota,11-30-2023,WOAH Non-Poultry,80
265,Bent,Colorado,11-30-2023,WOAH Poultry,4100
266,Sonoma,California,11-30-2023,Commercial Table Egg Layer,82500
267,Grundy,Illinois,11-30-2022,WOAH Poultry,8800
268,Hamlin,South Dakota,11-30-2022,Commercial Turkey Meat Bird,50000
269,Charles Mix,South Dakota,11-30-2022,Commercial Turkey Meat Bird,75100
270,Fresno,California,11-29-2024,Commercial Duck Breeder,23100
271,Gibson,Tennessee,11-29-2024,Commercial Broiler Breeder,37700
272,Fresno,California,11-29-2024,Commercial Broiler Production,266400
273,Tulare,California,11-29-2024,Commercial Duck Breeder,26500
274,Merced,California,11-29-2024,Commercial Turkey Meat Bird,25200
275,Meeker,Minnesota,11-29-2024,Commercial Turkey Meat Bird,223800
276,Woodbury,Iowa,11-29-2023,WOAH Non-Poultry,10
277,Dickey,North Dakota,11-29-2023,WOAH Poultry,130
278,Douglas,Minnesota,11-29-2023,Commercial Turkey Meat Bird,13500
279,Otter Tail,Minnesota,11-29-2023,Commercial Turkey Meat Bird,18800
280,Carroll,Arkansas,11-29-2023,Commercial Broiler Production,81200
281,Becker,Minnesota,11-29-2023,Commercial Turkey Breeder Hens,23200
282,Morgan,Colorado,11-29-2023,WOAH Non-Poultry,60
283,Washington,Maryland,11-29-2022,Commercial Table Egg Breeder,24600
284,Hanson,South Dakota,11-29-2022,Commercial Turkey Meat Bird,71600
285,Spink,South Dakota,11-29-2022,Commercial Turkey Meat Bird,32900
286,Sioux,Iowa,11-28-2023,Commercial Table Egg Layer,1616300
287,Pierce,Washington,11-28-2023,WOAH Non-Poultry,540
288,Trempealeau,Wisconsin,11-28-2023,Commercial Turkey Meat Bird,23500
289,Yankton,South Dakota,11-28-2023,Commercial Turkey Meat Bird,49000
290,Mcpherson,South Dakota,11-28-2023,Commercial Turkey Meat Bird,61800
291,Trempealeau,Wisconsin,11-28-2023,Commercial Turkey Meat Bird,48700
292,Dickey,North Dakota,11-28-2023,Commercial Turkey Meat Bird,60300
293,Emmons,North Dakota,11-28-2023,WOAH Non-Poultry,60
294,Colfax,Nebraska,11-28-2023,WOAH Non-Poultry,20
295,Webster,Missouri,11-28-2022,Commercial Turkey Meat Bird,15100
296,Iron,Utah,11-28-2022,WOAH Poultry,3000
297,Sanpete,Utah,11-27-2024,Commercial Turkey Meat Bird,51800
298,Beadle,South Dakota,11-27-2024,Commercial Turkey Meat Bird,41100
299,Ransom,North Dakota,11-27-2024,Commercial Turkey Meat Bird,59500
300,Meeker,Minnesota,11-27-2024,Commercial Turkey Meat Bird,24700
301,Faulk,South Dakota,11-27-2024,Commercial Turkey Meat Bird,56000
302,Union,Oregon,11-27-2024,WOAH Non-Poultry,30
303,Brown,Minnesota,11-27-2023,Commercial Turkey Breeder Hens,7800
304,Sonoma,California,11-27-2023,Commercial Duck Breeder,205500
305,Matanuska Susitna,Alaska,11-26-2024,WOAH Non-Poultry,70
306,Meeker,Minnesota,11-25-2024,Commercial Turkey Meat Bird,30500
307,Dixon,Nebraska,11-25-2022,Commercial Table Egg Layer,1700000
308,Turner,South Dakota,11-25-2022,WOAH Non-Poultry,210
309,Beadle,South Dakota,11-25-2022,Commercial Turkey Meat Bird,50700
310,Beadle,South Dakota,11-25-2022,Commercial Turkey Meat Bird,67900
311,Matanuska Susitna,Alaska,11-25-2022,WOAH Non-Poultry,40
312,Durham,North Carolina,11-25-2022,WOAH Non-Poultry,30
313,Spink,South Dakota,11-25-2022,Commercial Turkey Meat Bird,55500
314,Freeborn,Minnesota,11-24-2023,WOAH Non-Poultry,8
315,Kandiyohi,Minnesota,11-24-2023,Commercial Turkey Breeder Hens,7300
316,Clackamas,Oregon,11-24-2023,WOAH Non-Poultry,10
317,Otter Tail,Minnesota,11-24-2023,Commercial Breeder Operation,19400
318,Todd,Minnesota,11-23-2022,Commercial Turkey Meat Bird,44500
319,Columbia,Oregon,11-23-2022,WOAH Non-Poultry,30
320,Brule,South Dakota,11-23-2022,WOAH Non-Poultry,30
321,Faulk,South Dakota,11-23-2022,Commercial Turkey Meat Bird,49900
322,Broward,Florida,11-23-2022,WOAH Non-Poultry,10
323,Davidson,Tennessee,11-23-2022,WOAH Non-Poultry,10
324,Merced,California,11-22-2024,Commercial Table Egg Pullets,538600
325,Mchenry,North Dakota,11-22-2024,WOAH Poultry,80
326,Trempealeau,Wisconsin,11-22-2023,Commercial Turkey Meat Bird,51300
327,Stearns,Minnesota,11-22-2023,Commercial Turkey Meat Bird,34200
328,Otter Tail,Minnesota,11-22-2023,Commercial Turkey Meat Bird,28000
329,Brule,South Dakota,11-22-2023,Commercial Turkey Meat Bird,45100
330,Beadle,South Dakota,11-22-2022,Commercial Turkey Meat Bird,29200
331,Webster,Missouri,11-22-2022,WOAH Poultry,9100
332,Madera,California,11-21-2024,WOAH Non-Poultry,0
333,Maricopa,Arizona,11-21-2024,WOAH Non-Poultry,490
334,Tulare,California,11-21-2024,Commercial Duck Meat Bird,96900
335,Salt Lake,Utah,11-21-2024,WOAH Non-Poultry,30
336,Roger Mills,Oklahoma,11-21-2024,WOAH Non-Poultry,0
337,Lemhi,Idaho,11-21-2024,WOAH Non-Poultry,20
338,Piute,Utah,11-21-2024,Commercial Turkey Meat Bird,35500
339,Clark,South Dakota,11-21-2023,Commercial Turkey Meat Bird,23600
340,Broward,Florida,11-21-2023,WOAH Non-Poultry,5
341,Kingsbury,South Dakota,11-21-2023,Commercial Turkey Meat Bird,28800
342,Caroline,Maryland,11-21-2023,Commercial Broiler Production,192900
343,Clark,South Dakota,11-21-2023,Commercial Turkey Meat Bird,57400
344,Brown,Minnesota,11-21-2023,Commercial Turkey Breeder Hens,6400
345,Sumter,Georgia,11-21-2023,Commercial Raised for Release Waterfowl,30000
346,Beadle,South Dakota,11-21-2023,Commercial Turkey Meat Bird,78200
347,Big Stone,Minnesota,11-21-2023,Commercial Turkey Meat Bird,78500
348,Grimes,Texas,11-21-2023,WOAH Non-Poultry,60
349,Kandiyohi,Minnesota,11-21-2023,Commercial Breeder Operation,8400
350,Union,Ohio,11-21-2023,Commercial Table Egg Layer,1348900
351,Edmunds,South Dakota,11-21-2022,Commercial Turkey Meat Bird,34400
352,Washington,Maine,11-21-2022,WOAH Non-Poultry,90
353,Kern,California,11-20-2024,Commercial Table Egg Layer,1022400
354,Matanuska Susitna,Alaska,11-20-2024,WOAH Non-Poultry,40
355,Marin,California,11-20-2024,Commercial Duck Meat Bird,6500
356,Edmunds,South Dakota,11-20-2023,Commercial Turkey Meat Bird,33400
357,Edmunds,South Dakota,11-20-2023,Commercial Turkey Breeder Replacement Hens,30100
358,San Juan,New Mexico,11-20-2023,WOAH Non-Poultry,20
359,Day,South Dakota,11-20-2023,WOAH Poultry,60
360,Swift,Minnesota,11-20-2023,Commercial Turkey Meat Bird,134300
361,Fresno,California,11-20-2023,Commercial Duck Breeder,23400
362,Edmunds,South Dakota,11-20-2023,Commercial Turkey Breeder Hens,19200
363,Taylor,Wisconsin,11-20-2023,WOAH Non-Poultry,8
364,Walworth,South Dakota,11-20-2023,WOAH Non-Poultry,0
365,Henry,Illinois,11-19-2024,WOAH Poultry,5600
366,Lake,South Dakota,11-19-2024,WOAH Non-Poultry,20
367,Whatcom,Washington,11-19-2024,WOAH Non-Poultry,40
368,Merced,California,11-19-2024,Commercial Turkey Meat Bird,38200
369,Fresno,California,11-19-2024,Commercial Broiler Production,172800
370,Honolulu,Hawaii,11-18-2024,WOAH Non-Poultry,9
371,Martin,Minnesota,11-18-2024,WOAH Non-Poultry,30
372,Martin,Minnesota,11-18-2024,WOAH Non-Poultry,40
373,Union,North Carolina,11-18-2022,WOAH Non-Poultry,50
374,Utah,Utah,11-18-2022,WOAH Non-Poultry,270
375,Fall River,South Dakota,11-17-2023,WOAH Non-Poultry,80
376,Berks,Pennsylvania,11-17-2022,WOAH Non-Poultry,30
377,Broward,Florida,11-17-2022,WOAH Non-Poultry,20
378,Marion,Oregon,11-16-2023,Commercial Broiler Production,123500
379,Stearns,Minnesota,11-16-2023,Commercial Turkey Meat Bird,43100
380,Benton,Iowa,11-16-2023,WOAH Non-Poultry,90
381,Linn,Oregon,11-16-2023,Commercial Broiler Production,630700
382,Duval,Florida,11-16-2023,WOAH Non-Poultry,50
383,Seminole,Florida,11-16-2022,WOAH Poultry,100
384,Fresno,California,11-16-2022,Commercial Duck Breeder,34700
385,Hillsborough,Florida,11-16-2022,WOAH Non-Poultry,100
386,Piute,Utah,11-15-2024,Commercial Turkey Meat Bird,35000
387,Stanislaus,California,11-15-2024,Commercial Turkey Meat Bird,21500
388,Honolulu,Hawaii,11-15-2024,WOAH Non-Poultry,70
389,Cass,Michigan,11-15-2023,WOAH Non-Poultry,20
390,Lamoure,North Dakota,11-15-2023,Commercial Turkey Meat Bird,25100
391,Edmunds,South Dakota,11-15-2023,Commercial Turkey Breeder Replacement Hens,24500
392,Mcintosh,North Dakota,11-15-2023,WOAH Poultry,100
393,Bledsoe,Tennessee,11-15-2022,Commercial Broiler Breeder,20900
394,Otter Tail,Minnesota,11-15-2022,Commercial Turkey Meat Bird,28200
395,Duval,Florida,11-15-2022,WOAH Non-Poultry,30
396,Kings,California,11-14-2024,Commercial Broiler Production,53300
397,Fresno,California,11-14-2024,Commercial Turkey Meat Bird,17500
398,Kings,California,11-14-2024,Commercial Broiler Production,279300
399,San Joaquin,California,11-14-2024,Commercial Broiler Production,29100
400,Fresno,California,11-14-2024,Commercial Turkey Meat Bird,17700
401,Fresno,California,11-14-2024,Commercial Turkey Meat Bird,39600
402,Fresno,California,11-14-2024,Commercial Broiler Production,259000
403,Merced,California,11-14-2024,Commercial Turkey Meat Bird,53200
404,Kings,California,11-14-2024,WOAH Non-Poultry,8
405,Weld,Colorado,11-14-2024,WOAH Non-Poultry,80
406,Taylor,Iowa,11-14-2023,Commercial Table Egg Layer,1121100
407,Jones,Iowa,11-14-2023,WOAH Non-Poultry,20
408,Redwood,Minnesota,11-14-2023,Commercial Turkey Meat Bird,18700
409,Kossuth,Iowa,11-14-2023,WOAH Poultry,13000
410,Jasper,Missouri,11-14-2023,Commercial Turkey Meat Bird,29300
411,Cerro Gordo,Iowa,11-14-2023,WOAH Non-Poultry,80
412,Marion,Oregon,11-14-2023,WOAH Non-Poultry,5
413,Kandiyohi,Minnesota,11-14-2023,Commercial Turkey Meat Bird,35600
414,Ellis,Texas,11-14-2023,WOAH Non-Poultry,50
415,Missoula,Montana,11-14-2023,WOAH Non-Poultry,4
416,Deschutes,Oregon,11-14-2023,WOAH Non-Poultry,30
417,Lowndes,Mississippi,11-14-2022,WOAH Non-Poultry,8
418,Pinal,Arizona,11-13-2024,Commercial Table Egg Layer,829200
419,Malheur,Oregon,11-13-2024,WOAH Non-Poultry,8
420,Mcintosh,North Dakota,11-13-2023,WOAH Non-Poultry,50
421,Montrose,Colorado,11-13-2023,WOAH Non-Poultry,50
422,Bonneville,Idaho,11-13-2023,WOAH Non-Poultry,50
423,Piute,Utah,11-12-2024,Commercial Turkey Meat Bird,37500
424,Fresno,California,11-12-2024,Commercial Broiler Production,237700
425,Missoula,Montana,11-12-2024,WOAH Poultry,280
426,Fresno,California,11-12-2024,Commercial Turkey Meat Bird,34800
427,Kern,California,11-12-2024,Commercial Table Egg Layer,2155100
428,Tulare,California,11-12-2024,WOAH Non-Poultry,120
429,Queens,New York,11-12-2022,Live Bird Market,170
430,Mountrail,North Dakota,11-10-2022,WOAH Non-Poultry,40
431,Lehigh,Pennsylvania,11-10-2022,Commercial Turkey Breeder Toms,160
432,Ward,North Dakota,11-10-2022,WOAH Poultry,20
433,Lapeer,Michigan,11-10-2022,WOAH Poultry,990
434,Lehigh,Pennsylvania,11-10-2022,Commercial Turkey Meat Bird,18500
435,Mcpherson,South Dakota,11-09-2023,Commercial Turkey Meat Bird,58400
436,Steele,Minnesota,11-09-2023,Commercial Turkey Meat Bird,46900
437,Wheatland,Montana,11-09-2023,WOAH Poultry,4500
438,Redwood,Minnesota,11-09-2023,Commercial Turkey Meat Bird,18500
439,Sweet Grass,Montana,11-09-2023,WOAH Non-Poultry,3
440,Roberts,South Dakota,11-09-2023,Commercial Turkey Meat Bird,51200
441,Utah,Utah,11-08-2023,WOAH Non-Poultry,60
442,Charles Mix,South Dakota,11-08-2023,Commercial Turkey Meat Bird,74100
443,Kossuth,Iowa,11-08-2023,WOAH Poultry,8200
444,Matanuska Susitna,Alaska,11-08-2023,WOAH Non-Poultry,40
445,Clark,South Dakota,11-08-2023,Commercial Upland Gamebird Producer,8500
446,Lehigh,Pennsylvania,11-08-2022,Commercial Turkey Breeder Hens,7500
447,Lehigh,Pennsylvania,11-08-2022,Commercial Turkey Meat Bird,17400
448,Louisa,Iowa,11-08-2022,WOAH Non-Poultry,20
449,Snohomish,Washington,11-08-2022,WOAH Non-Poultry,150
450,Snohomish,Washington,11-07-2024,WOAH Non-Poultry,170
451,Stearns,Minnesota,11-07-2023,Commercial Turkey Meat Bird,70900
452,Converse,Wyoming,11-07-2022,WOAH Non-Poultry,20
453,Gloucester,Virginia,11-07-2022,WOAH Non-Poultry,80
454,Jefferson,Wisconsin,11-07-2022,Commercial Upland Gamebird Producer,187900
455,Butler,Ohio,11-07-2022,WOAH Poultry,150
456,Clay,Iowa,11-06-2023,WOAH Poultry,1700
457,Benton,Missouri,11-06-2023,Commercial Broiler Breeder,16600
458,Hamilton,Iowa,11-06-2023,Commercial Breeder (Multiple Bird Species),15000
459,Wright,Iowa,11-06-2022,Commercial Table Egg Layer,1022800
460,Lawrence,Mississippi,11-04-2022,Commercial Broiler Breeder,34400
461,Sullivan,New York,11-04-2022,WOAH Non-Poultry,140
462,Lehigh,Pennsylvania,11-04-2022,Commercial Turkey Meat Bird,14500
463,Dauphin,Pennsylvania,11-04-2022,WOAH Non-Poultry,130
464,Wright,Minnesota,11-03-2023,Commercial Table Egg Layer,940000
465,Clay,Iowa,11-03-2023,WOAH Poultry,8300
466,Clay,Iowa,11-03-2023,WOAH Poultry,7700
467,Mcpherson,South Dakota,11-03-2023,Commercial Turkey Breeder Hens,26800
468,Beaufort,South Carolina,11-03-2022,WOAH Non-Poultry,170
469,San Diego,California,11-03-2022,WOAH Poultry,150
470,Marathon,Wisconsin,11-03-2022,WOAH Non-Poultry,30
471,Bottineau,North Dakota,11-03-2022,WOAH Poultry,130
472,Lehigh,Pennsylvania,11-03-2022,Commercial Turkey Meat Bird,28500
473,Yamhill,Oregon,11-03-2022,WOAH Poultry,150
474,Middlesex,Massachusetts,11-03-2022,WOAH Non-Poultry,20
475,Yavapai,Arizona,11-03-2022,WOAH Non-Poultry,30
476,Broward,Florida,11-03-2022,WOAH Non-Poultry,70
477,Sonoma,California,11-02-2024,WOAH Non-Poultry,30
478,Sacramento,California,11-02-2024,Commercial Turkey Meat Bird,48300
479,Grady,Oklahoma,11-02-2023,WOAH Non-Poultry,120
480,Marshall,Alabama,11-02-2023,Commercial Broiler Breeder Pullets,47900
481,Waukesha,Wisconsin,11-02-2022,WOAH Non-Poultry,10
482,Allegheny,Pennsylvania,11-02-2022,WOAH Non-Poultry,20
483,Yavapai,Arizona,11-02-2022,WOAH Non-Poultry,50
484,Bergen,New Jersey,11-02-2022,WOAH Non-Poultry,60
485,Jackson,Oregon,11-01-2024,WOAH Non-Poultry,60
486,Flathead,Montana,11-01-2024,WOAH Non-Poultry,40
487,Stevens,Washington,11-01-2024,WOAH Non-Poultry,130
488,Okanogan,Washington,11-01-2024,WOAH Non-Poultry,20
489,Buena Vista,Iowa,11-01-2023,Commercial Turkey Meat Bird,30000
490,Stearns,Minnesota,11-01-2022,Commercial Turkey Meat Bird,8500
491,Granite,Montana,11-01-2022,WOAH Poultry,40
492,Gregory,South Dakota,11-01-2022,Commercial Upland Gamebird Producer,3000
493,Wayne,New York,11-01-2022,WOAH Non-Poultry,10
494,Deschutes,Oregon,11-01-2022,WOAH Non-Poultry,8
495,Beadle,South Dakota,10-31-2023,Commercial Turkey Meat Bird,29700
496,Wagoner,Oklahoma,10-31-2023,WOAH Non-Poultry,50
497,Meeker,Minnesota,10-31-2023,Commercial Turkey Meat Bird,32100
498,Madison,Arkansas,10-31-2023,Commercial Broiler Breeder Pullets,31600
499,Lincoln,Tennessee,10-31-2023,WOAH Non-Poultry,100
500,Swift,Minnesota,10-31-2022,Commercial Turkey Meat Bird,45600
501,Tipton,Tennessee,10-31-2022,WOAH Non-Poultry,90
502,Wright,Iowa,10-31-2022,Commercial Table Egg Layer,1100000
503,Venango,Pennsylvania,10-30-2024,WOAH Non-Poultry,20
504,Fresno,California,10-30-2024,Commercial Broiler Production,204600
505,Kings,California,10-30-2024,Commercial Broiler Production,117200
506,Kings,California,10-29-2024,Commercial Broiler Production,305500
507,Kings,California,10-29-2024,Commercial Broiler Production,104500
508,Tulare,California,10-29-2024,WOAH Non-Poultry,10
509,Matanuska Susitna,Alaska,10-28-2023,WOAH Non-Poultry,50
510,Matanuska Susitna,Alaska,10-28-2023,WOAH Non-Poultry,30
511,Hillsborough,Florida,10-28-2022,WOAH Non-Poultry,40
512,Chilton,Alabama,10-27-2023,Commercial Upland Gamebird Producer,306500
513,Kittitas,Washington,10-27-2023,WOAH Poultry,70
514,Le Sueur,Minnesota,10-27-2022,Commercial Turkey Meat Bird,20100
515,Stearns,Minnesota,10-27-2022,Commercial Turkey Meat Bird,75000
516,Merced,California,10-26-2023,Commercial Turkey Meat Bird,31600
517,La Plata,Colorado,10-26-2022,WOAH Non-Poultry,20
518,Pasco,Florida,10-26-2022,WOAH Non-Poultry,40
519,Crook,Oregon,10-25-2024,WOAH Non-Poultry,180
520,Lewis,Washington,10-25-2024,WOAH Non-Poultry,60
521,Union,Oregon,10-25-2023,WOAH Non-Poultry,30
522,Beadle,South Dakota,10-25-2023,Commercial Turkey Meat Bird,51100
523,Hanson,South Dakota,10-25-2023,Commercial Turkey Meat Bird,13400
524,Clark,South Dakota,10-25-2023,Commercial Turkey Meat Bird,31100
525,Brown,Minnesota,10-25-2023,WOAH Non-Poultry,20
526,Pine,Minnesota,10-25-2023,WOAH Non-Poultry,30
527,Meeker,Minnesota,10-25-2023,Commercial Turkey Meat Bird,33000
528,Lake,Florida,10-25-2022,WOAH Non-Poultry,9
529,Grant,South Dakota,10-25-2022,WOAH Non-Poultry,50
530,Indian River,Florida,10-25-2022,WOAH Non-Poultry,30
531,Indian River,Florida,10-25-2022,WOAH Poultry,50
532,Sanpete,Utah,10-25-2022,Commercial Turkey Meat Bird,3900
533,Martin,Florida,10-25-2022,WOAH Non-Poultry,30
534,Swift,Minnesota,10-25-2022,Commercial Turkey Meat Bird,33800
535,Tulare,California,10-24-2024,Commercial Broiler Production,6000
536,Blue Earth,Minnesota,10-24-2023,Commercial Turkey Meat Bird,11900
537,Guthrie,Iowa,10-24-2023,WOAH Non-Poultry,50
538,Kandiyohi,Minnesota,10-24-2023,Commercial Turkey Meat Bird,53700
539,Pocahontas,Iowa,10-24-2023,Commercial Turkey Meat Bird,50000
540,Clackamas,Oregon,10-23-2024,Commercial Table Egg Layer,150000
541,Buena Vista,Iowa,10-23-2023,Commercial Turkey Meat Bird,49100
542,Ocean,New Jersey,10-22-2022,WOAH Non-Poultry,90
543,Southampton,Virginia,10-22-2022,WOAH Non-Poultry,170
544,Wake,North Carolina,10-21-2022,WOAH Non-Poultry,170
545,Cleveland,Oklahoma,10-21-2022,WOAH Non-Poultry,30
546,Itasca,Minnesota,10-21-2022,WOAH Non-Poultry,40
547,Union,Oregon,10-20-2023,WOAH Poultry,100
548,Newport,Rhode Island,10-20-2022,WOAH Non-Poultry,60
549,Creek,Oklahoma,10-20-2022,WOAH Non-Poultry,50
550,Spink,South Dakota,10-20-2022,WOAH Non-Poultry,160
551,Dallas,Iowa,10-20-2022,WOAH Non-Poultry,50
552,Okeechobee,Florida,10-20-2022,WOAH Non-Poultry,2
553,Valley,Idaho,10-20-2022,WOAH Non-Poultry,20
554,Jefferson,Colorado,10-20-2022,WOAH Poultry,50
555,Hill,Montana,10-20-2022,WOAH Non-Poultry,60
556,Virginia Beach City,Virginia,10-20-2022,WOAH Non-Poultry,10
557,Indian River,Florida,10-20-2022,WOAH Non-Poultry,60
558,Becker,Minnesota,10-19-2023,Commercial Breeder Operation,20200
559,Spink,South Dakota,10-19-2023,Commercial Turkey Meat Bird,34000
560,Park,Montana,10-19-2023,WOAH Non-Poultry,3
561,Rockwall,Texas,10-19-2022,WOAH Non-Poultry,50
562,Sanpete,Utah,10-19-2022,Commercial Turkey Meat Bird,9400
563,Shawnee,Kansas,10-19-2022,WOAH Poultry,120
564,Roberts,South Dakota,10-19-2022,Commercial Breeder Operation,3600
565,Redwood,Minnesota,10-18-2023,Commercial Turkey Meat Bird,8900
566,Blue Earth,Minnesota,10-18-2023,Commercial Turkey Meat Bird,11500
567,Sanpete,Utah,10-18-2022,Commercial Turkey Meat Bird,100800
568,York,Nebraska,10-18-2022,Commercial Upland Gamebird Producer,34900
569,Indian River,Florida,10-18-2022,WOAH Non-Poultry,300
570,Osceola,Florida,10-18-2022,WOAH Non-Poultry,20
571,Traill,North Dakota,10-18-2022,WOAH Non-Poultry,90
572,Jackson,Missouri,10-18-2022,WOAH Non-Poultry,40
573,St. Lucie,Florida,10-18-2022,WOAH Non-Poultry,6
574,Kitsap,Washington,10-17-2024,WOAH Non-Poultry,60
575,Becker,Minnesota,10-17-2023,Commercial Turkey Breeder Toms,2700
576,Faulk,South Dakota,10-17-2023,Commercial Turkey Meat Bird,49700
577,King,Washington,10-17-2023,WOAH Non-Poultry,10
578,Mcpherson,South Dakota,10-17-2023,Commercial Turkey Meat Bird,65000
579,Nye,Nevada,10-17-2022,WOAH Poultry,1600
580,Adams,Pennsylvania,10-17-2022,Commercial Turkey Meat Bird,15100
581,Tulare,California,10-16-2024,Commercial Broiler Production,786600
582,Carter,Oklahoma,10-16-2023,WOAH Non-Poultry,80
583,Franklin,Washington,10-15-2024,Commercial Table Egg Layer,839700
584,Cache,Utah,10-15-2024,Commercial Table Egg Layer,1852900
585,Tulsa,Oklahoma,10-14-2022,WOAH Non-Poultry,30
586,Larimer,Colorado,10-14-2022,WOAH Non-Poultry,20
587,Broward,Florida,10-14-2022,WOAH Poultry,300
588,La Plata,Colorado,10-14-2022,WOAH Non-Poultry,40
589,Matanuska Susitna,Alaska,10-14-2022,WOAH Poultry,1000
590,Pope,Arkansas,10-14-2022,WOAH Non-Poultry,470
591,Meeker,Minnesota,10-13-2023,Commercial Turkey Meat Bird,71000
592,Flathead,Montana,10-13-2023,WOAH Non-Poultry,8
593,Golden Valley,North Dakota,10-13-2023,WOAH Non-Poultry,90
594,Sanpete,Utah,10-13-2022,Commercial Turkey Meat Bird,100000
595,Saint Croix,Wisconsin,10-13-2022,WOAH Non-Poultry,20
596,Stanislaus,California,10-13-2022,Commercial Turkey Meat Bird,54900
597,Warren,New Jersey,10-13-2022,WOAH Non-Poultry,6
598,Williams,North Dakota,10-12-2023,WOAH Non-Poultry,10
599,Weld,Colorado,10-12-2023,WOAH Non-Poultry,30
600,Hamlin,South Dakota,10-12-2022,WOAH Non-Poultry,20
601,Weld,Colorado,10-12-2022,WOAH Non-Poultry,40
602,Sanpete,Utah,10-12-2022,Commercial Turkey Meat Bird,52800
603,Fremont,Wyoming,10-12-2022,WOAH Non-Poultry,30
604,Beadle,South Dakota,10-12-2022,Commercial Turkey Meat Bird,71400
605,Genesee,Michigan,10-12-2022,WOAH Non-Poultry,20
606,Meeker,Minnesota,10-11-2023,Commercial Turkey Meat Bird,115000
607,Martin,Florida,10-11-2022,WOAH Non-Poultry,50
608,Adams,Pennsylvania,10-11-2022,WOAH Poultry,2800
609,Gregory,South Dakota,10-11-2022,Commercial Upland Gamebird Producer,200
610,Lapeer,Michigan,10-11-2022,WOAH Poultry,40
611,Logan,Kentucky,10-11-2022,WOAH Non-Poultry,190
612,Broward,Florida,10-11-2022,WOAH Non-Poultry,40
613,Glacier,Montana,10-10-2023,WOAH Poultry,77100
614,Miami-dade,Florida,10-07-2024,Live Bird Sales  (non-slaughter),70
615,Lapeer,Michigan,10-07-2022,WOAH Poultry,100
616,Sanpete,Utah,10-07-2022,Commercial Turkey Meat Bird,38900
617,Madison,Arkansas,10-07-2022,Commercial Broiler Breeder Pullets,56000
618,Johnson,Kansas,10-07-2022,WOAH Poultry,6
619,Boulder,Colorado,10-07-2022,WOAH Poultry,600
620,Pope,Minnesota,10-07-2022,WOAH Non-Poultry,30
621,Sanpete,Utah,10-07-2022,Commercial Turkey Meat Bird,26700
622,Neosho,Kansas,10-07-2022,WOAH Poultry,2000
623,Sanpete,Utah,10-06-2023,Commercial Turkey Meat Bird,7600
624,Sanpete,Utah,10-06-2023,Commercial Turkey Meat Bird,134200
625,Brule,South Dakota,10-06-2022,Commercial Upland Gamebird Producer,500
626,Fayette,Kentucky,10-06-2022,WOAH Poultry,150
627,Hampton City,Virginia,10-06-2022,WOAH Non-Poultry,40
628,New Haven,Connecticut,10-05-2022,WOAH Non-Poultry,50
629,Matanuska Susitna,Alaska,10-05-2022,WOAH Non-Poultry,40
630,Glacier,Montana,10-05-2022,WOAH Non-Poultry,1100
631,Monroe,Pennsylvania,10-05-2022,WOAH Non-Poultry,40
632,Matanuska Susitna,Alaska,10-05-2022,WOAH Poultry,10
633,Berks,Pennsylvania,10-05-2022,WOAH Non-Poultry,10
634,Jerauld,South Dakota,10-04-2023,Commercial Turkey Meat Bird,47300
635,Westmoreland,Pennsylvania,10-04-2022,WOAH Non-Poultry,160
636,York,Nebraska,10-04-2022,Commercial Upland Gamebird Producer,139500
637,Bernalillo,New Mexico,10-04-2022,WOAH Non-Poultry,40
638,Monterey,California,10-04-2022,Commercial Duck Breeder,15100
639,Box Butte,Nebraska,10-04-2022,WOAH Non-Poultry,100
640,Del Norte,California,10-04-2022,WOAH Poultry,43000
641,Canyon,Idaho,10-03-2024,WOAH Poultry,100
642,Canyon,Idaho,10-03-2023,WOAH Non-Poultry,70
643,Cache,Utah,10-03-2022,WOAH Non-Poultry,320
644,Stanislaus,California,10-03-2022,Commercial Turkey Meat Bird,51000
645,Calaveras,California,10-03-2022,WOAH Non-Poultry,20
646,Portage,Ohio,10-03-2022,WOAH Non-Poultry,50
647,Tuscola,Michigan,10-03-2022,WOAH Poultry,140
648,Douglas,Oregon,09-30-2022,WOAH Non-Poultry,30
649,Nelson,North Dakota,09-30-2022,WOAH Non-Poultry,50
650,Sanpete,Utah,09-29-2022,Commercial Turkey Meat Bird,19300
651,Dunn,Wisconsin,09-29-2022,Commercial Turkey Meat Bird,79500
652,Mesa,Colorado,09-29-2022,WOAH Non-Poultry,40
653,York,Pennsylvania,09-29-2022,Commercial Turkey Meat Bird,25900
654,Lancaster,Pennsylvania,09-29-2022,WOAH Non-Poultry,180
655,Sanpete,Utah,09-29-2022,Commercial Turkey Meat Bird,19900
656,Tillamook,Oregon,09-28-2022,WOAH Non-Poultry,40
657,Sanpete,Utah,09-28-2022,Commercial Turkey Meat Bird,24400
658,Racine,Wisconsin,09-28-2022,Commercial Duck Meat Bird,10000
659,Tillamook,Oregon,09-28-2022,WOAH Non-Poultry,10
660,Lincoln,Idaho,09-27-2024,WOAH Poultry,700
661,Goodhue,Minnesota,09-27-2022,WOAH Non-Poultry,80
662,Sanpete,Utah,09-27-2022,Commercial Turkey Meat Bird,36700
663,Sanpete,Utah,09-27-2022,Commercial Turkey Meat Bird,127200
664,Ransom,North Dakota,09-27-2022,Commercial Turkey Meat Bird,69100
665,Mcpherson,South Dakota,09-24-2022,Commercial Turkey Meat Bird,56900
666,Dallas,Texas,09-24-2022,WOAH Non-Poultry,60
667,Kent,Delaware,09-24-2022,WOAH Non-Poultry,10
668,Kent,Delaware,09-24-2022,WOAH Non-Poultry,30
669,Merrimack,New Hampshire,09-23-2022,WOAH Poultry,250
670,Todd,Minnesota,09-22-2022,WOAH Non-Poultry,50
671,Kingsbury,South Dakota,09-22-2022,WOAH Non-Poultry,250
672,Anne Arundel,Maryland,09-22-2022,WOAH Non-Poultry,4
673,Ward,North Dakota,09-22-2022,WOAH Poultry,60
674,Weld,Colorado,09-21-2022,Commercial Table Egg Layer,1150000
675,Sanpete,Utah,09-21-2022,Commercial Turkey Meat Bird,11100
676,Gooding,Idaho,09-21-2022,Commercial Upland Gamebird Producer,9000
677,Otter Tail,Minnesota,09-21-2022,Commercial Turkey Meat Bird,5900
678,Roseau,Minnesota,09-21-2022,Commercial Turkey Meat Bird,116000
679,Fresno,California,09-20-2022,WOAH Non-Poultry,100
680,Washington,Pennsylvania,09-20-2022,WOAH Poultry,1800
681,Sanpete,Utah,09-20-2022,Commercial Turkey Meat Bird,73200
682,Stearns,Minnesota,09-20-2022,Commercial Turkey Meat Bird,64600
683,Clark,South Dakota,09-20-2022,Commercial Turkey Meat Bird,41700
684,Brown,Minnesota,09-20-2022,Commercial Turkey Meat Bird,43000
685,Clark,South Dakota,09-20-2022,Commercial Turkey Meat Bird,23900
686,Dawes,Nebraska,09-19-2022,WOAH Non-Poultry,40
687,Macomb,Michigan,09-19-2022,WOAH Non-Poultry,40
688,Merced,California,09-18-2024,Commercial Turkey Meat Bird,64800
689,Orange,Florida,09-18-2024,Live Bird Market,2500
690,Pierce,Washington,09-16-2022,WOAH Non-Poultry,30
691,Union,New Jersey,09-15-2023,Live Bird Market,520
692,Fresno,California,09-15-2022,Commercial Broiler Breeder,15900
693,Obion,Tennessee,09-15-2022,WOAH Poultry,130
694,Summit,Ohio,09-15-2022,WOAH Non-Poultry,6
695,Bristol,Massachusetts,09-15-2022,WOAH Non-Poultry,50
696,Teton,Montana,09-15-2022,WOAH Poultry,2800
697,Meeker,Minnesota,09-14-2022,Commercial Turkey Meat Bird,61400
698,Williams,Ohio,09-14-2022,WOAH Non-Poultry,60
699,Otter Tail,Minnesota,09-14-2022,Commercial Turkey Breeder Hens,7900
700,Allen,Ohio,09-14-2022,WOAH Non-Poultry,2
701,Isanti,Minnesota,09-14-2022,WOAH Non-Poultry,4
702,Brown,Minnesota,09-13-2022,Commercial Turkey Meat Bird,43700
703,Stearns,Minnesota,09-13-2022,Commercial Turkey Meat Bird,69400
704,Ingham,Michigan,09-13-2022,WOAH Poultry,20
705,Sanpete,Utah,09-13-2022,Commercial Turkey Meat Bird,5800
706,Freeborn,Minnesota,09-13-2022,WOAH Non-Poultry,320
707,Twin Falls,Idaho,09-12-2022,WOAH Non-Poultry,40
708,El Dorado,California,09-09-2022,WOAH Non-Poultry,150
709,Becker,Minnesota,09-09-2022,Commercial Turkey Breeder Hens,17100
710,Fresno,California,09-09-2022,Commercial Broiler Breeder,23900
711,Meeker,Minnesota,09-08-2022,Commercial Turkey Meat Bird,34200
712,Morrison,Minnesota,09-07-2022,Commercial Turkey Meat Bird,50200
713,Ashland,Ohio,09-03-2022,WOAH Non-Poultry,640
714,Defiance,Ohio,09-03-2022,Commercial Table Egg Layer,3748500
715,Washington,Wisconsin,09-02-2022,WOAH Poultry,120
716,Tuolumne,California,09-01-2022,Commercial Turkey Meat Bird,30800
717,Elkhart,Indiana,09-01-2022,WOAH Poultry,260
718,Sacramento,California,09-01-2022,WOAH Non-Poultry,20
719,Fresno,California,09-01-2022,Commercial Broiler Breeder,22900
720,Hennepin,Minnesota,09-01-2022,WOAH Non-Poultry,10
721,Cass,North Dakota,09-01-2022,WOAH Non-Poultry,6
722,Sacramento,California,08-30-2022,Commercial Turkey Meat Bird,97000
723,Tuolumne,California,08-30-2022,Commercial Turkey Meat Bird,91000
724,Meeker,Minnesota,08-30-2022,Commercial Turkey Meat Bird,126400
725,Tuolumne,California,08-30-2022,Commercial Turkey Meat Bird,7400
726,Meeker,Minnesota,08-30-2022,Commercial Turkey Meat Bird,52000
727,Caroline,Virginia,08-29-2022,WOAH Non-Poultry,110
728,Fresno,California,08-26-2022,Commercial Broiler Breeder,34800
729,Tuolumne,California,08-26-2022,Commercial Turkey Meat Bird,161700
730,Cowlitz,Washington,08-26-2022,WOAH Non-Poultry,20
731,Pierce,Washington,08-25-2022,WOAH Non-Poultry,70
732,Weber,Utah,08-24-2022,WOAH Non-Poultry,20
733,Contra Costa,California,08-23-2022,WOAH Non-Poultry,60
734,Fresno,California,08-22-2022,Commercial Broiler Breeder,33900
735,Henry,Georgia,08-22-2022,WOAH Non-Poultry,80
736,Hillsborough,Florida,08-20-2024,Live Bird Market,880
737,Kitsap,Washington,08-19-2022,WOAH Non-Poultry,10
738,Walla Walla,Washington,08-18-2022,WOAH Non-Poultry,2
739,Osceola,Florida,08-16-2022,WOAH Non-Poultry,10
740,Butte,California,08-16-2022,WOAH Non-Poultry,1100
741,Northampton,Pennsylvania,08-11-2022,WOAH Poultry,90
742,Sacramento,California,08-10-2022,WOAH Non-Poultry,40
743,Miami-dade,Florida,08-05-2024,WOAH Poultry,5400
744,Kings,New York,08-03-2023,Live Bird Market,800
745,Bethel,Alaska,08-02-2022,WOAH Non-Poultry,20
746,Kings,New York,07-28-2023,Live Bird Market,490
747,Coos,Oregon,07-28-2022,WOAH Non-Poultry,20
748,Flathead,Montana,07-26-2022,WOAH Non-Poultry,7
749,Sanpete,Utah,07-26-2022,Commercial Turkey Meat Bird,12700
750,Jefferson,Washington,07-26-2022,WOAH Non-Poultry,80
751,Kings,New York,07-25-2023,Live Bird Market,570
752,Hendry,Florida,07-24-2024,WOAH Non-Poultry,5
753,Deschutes,Oregon,07-22-2022,WOAH Non-Poultry,90
754,Deschutes,Oregon,07-22-2022,WOAH Non-Poultry,120
755,Seminole,Florida,07-21-2022,WOAH Non-Poultry,160
756,Deschutes,Oregon,07-21-2022,WOAH Poultry,60
757,Weld,Colorado,07-19-2024,Commercial Table Egg Pullets,300800
758,Miami-dade,Florida,07-19-2024,Live Bird Market,320
759,Miami-dade,Florida,07-19-2024,Live Bird Market,80
760,Miami-dade,Florida,07-19-2024,Live Bird Market,390
761,Deschutes,Oregon,07-19-2022,WOAH Poultry,100
762,Snohomish,Washington,07-19-2022,WOAH Poultry,340
763,Sanpete,Utah,07-19-2022,Commercial Turkey Meat Bird,23300
764,Weld,Colorado,07-16-2024,Commercial Table Egg Layer,1313800
765,Deschutes,Oregon,07-15-2022,WOAH Poultry,60
766,Sanpete,Utah,07-14-2022,Commercial Turkey Meat Bird,15500
767,Deschutes,Oregon,07-12-2022,WOAH Poultry,100
768,Twin Falls,Idaho,07-11-2024,WOAH Non-Poultry,30
769,Kandiyohi,Minnesota,07-09-2024,Commercial Turkey Breeder Hens,21900
770,Renville,Minnesota,07-09-2024,Commercial Turkey Breeder Hens,15400
771,Kandiyohi,Minnesota,07-09-2024,Commercial Turkey Breeder Toms,4200
772,Weld,Colorado,07-08-2024,Commercial Table Egg Layer,1790800
773,Carson City,Nevada,07-07-2022,WOAH Non-Poultry,40
774,Jefferson,Washington,07-06-2022,WOAH Non-Poultry,20
775,Linn,Oregon,07-06-2022,WOAH Non-Poultry,40
776,Kitsap,Washington,07-01-2022,WOAH Non-Poultry,6
777,Salt Lake,Utah,07-01-2022,WOAH Non-Poultry,20
778,King,Washington,07-01-2022,WOAH Poultry,220
779,Yakima,Washington,06-29-2022,WOAH Non-Poultry,6
780,Cumberland,Maine,06-29-2022,WOAH Non-Poultry,20
781,Swift,Minnesota,06-27-2024,Commercial Turkey Meat Bird,25300
782,Otter Tail,Minnesota,06-27-2024,Commercial Turkey Meat Bird,67400
783,Morgan,Colorado,06-27-2024,WOAH Non-Poultry,40
784,Larimer,Colorado,06-26-2024,WOAH Non-Poultry,10
785,Stearns,Minnesota,06-24-2024,WOAH Non-Poultry,310
786,Pierce,Washington,06-24-2022,WOAH Non-Poultry,50
787,Snohomish,Washington,06-22-2022,WOAH Non-Poultry,200
788,King,Washington,06-22-2022,WOAH Non-Poultry,9
789,Yakima,Washington,06-22-2022,WOAH Non-Poultry,90
790,King,Washington,06-22-2022,WOAH Non-Poultry,3
791,Sac,Iowa,06-21-2024,Commercial Turkey Meat Bird,46100
792,Swift,Minnesota,06-18-2024,Commercial Turkey Meat Bird,113600
793,Pipestone,Minnesota,06-18-2024,Commercial Turkey Meat Bird,70800
794,Yakima,Washington,06-14-2022,WOAH Non-Poultry,30
795,Stearns,Minnesota,06-13-2024,Commercial Turkey Meat Bird,32900
796,Salt Lake,Utah,06-13-2022,WOAH Non-Poultry,70
797,Lyon,Minnesota,06-12-2024,Commercial Turkey Meat Bird,89500
798,Jerome,Idaho,06-10-2024,WOAH Non-Poultry,30
799,Yakima,Washington,06-09-2022,WOAH Non-Poultry,70
800,Allen,Indiana,06-09-2022,WOAH Non-Poultry,40
801,Snohomish,Washington,06-09-2022,WOAH Non-Poultry,9
802,Snohomish,Washington,06-09-2022,WOAH Non-Poultry,30
803,Weld,Colorado,06-09-2022,Commercial Table Egg Pullets,205000
804,Polk,Oregon,06-08-2022,WOAH Non-Poultry,90
805,Allen,Indiana,06-07-2022,WOAH Poultry,110
806,King,Washington,06-07-2022,WOAH Poultry,50
807,Weld,Colorado,06-07-2022,Commercial Table Egg Layer,1936800
808,Mchenry,North Dakota,06-06-2022,WOAH Poultry,30
809,Cherokee,Iowa,06-03-2024,Commercial Turkey Meat Bird,100000
810,Snohomish,Washington,06-02-2022,WOAH Non-Poultry,30
811,Berks,Pennsylvania,06-02-2022,Commercial Duck Meat Bird,30100
812,Toombs,Georgia,06-01-2022,WOAH Non-Poultry,490
813,Stearns,Minnesota,05-31-2024,Commercial Turkey Meat Bird,43000
814,Richland,South Carolina,05-31-2024,WOAH Non-Poultry,30
815,Becker,Minnesota,05-31-2022,WOAH Non-Poultry,40
816,Stearns,Minnesota,05-29-2024,Commercial Turkey Meat Bird,32400
817,Sioux,Iowa,05-28-2024,Commercial Table Egg Layer,4287400
818,Snohomish,Washington,05-27-2022,WOAH Non-Poultry,40
819,King,Washington,05-25-2022,WOAH Non-Poultry,20
820,King,Washington,05-24-2022,WOAH Non-Poultry,180
821,King,Washington,05-24-2022,WOAH Non-Poultry,7
822,Ada,Idaho,05-24-2022,WOAH Non-Poultry,30
823,Berks,Pennsylvania,05-23-2022,Commercial Duck Breeder,4700
824,Bayfield,Wisconsin,05-23-2022,WOAH Non-Poultry,40
825,Stearns,Minnesota,05-21-2024,Commercial Turkey Breeder Hens,6800
826,Meeker,Minnesota,05-21-2024,Commercial Table Egg Layer,1368800
827,Stearns,Minnesota,05-21-2024,Commercial Turkey Meat Bird,17100
828,Morrison,Minnesota,05-21-2024,Commercial Turkey Meat Bird,51900
829,Stearns,Minnesota,05-21-2024,Commercial Turkey Meat Bird,7000
830,Dakota,Minnesota,05-21-2022,Commercial Turkey Meat Bird,54400
831,Jerome,Idaho,05-20-2024,WOAH Poultry,80
832,Polk,Minnesota,05-20-2022,WOAH Non-Poultry,50
833,Codington,South Dakota,05-20-2022,WOAH Poultry,80
834,Campbell,Wyoming,05-20-2022,WOAH Non-Poultry,30
835,Ada,Idaho,05-20-2022,WOAH Non-Poultry,7
836,Canyon,Idaho,05-19-2022,WOAH Non-Poultry,10
837,Ada,Idaho,05-19-2022,WOAH Poultry,70
838,Ada,Idaho,05-19-2022,WOAH Non-Poultry,30
839,Allen,Indiana,05-19-2022,WOAH Non-Poultry,7
840,Canyon,Idaho,05-19-2022,WOAH Non-Poultry,10
841,Jefferson,Colorado,05-19-2022,WOAH Non-Poultry,10
842,Rowan,North Carolina,05-18-2023,WOAH Non-Poultry,30
843,Phelps,Missouri,05-18-2023,WOAH Non-Poultry,80
844,Clay,Minnesota,05-18-2022,WOAH Non-Poultry,20
845,Kandiyohi,Minnesota,05-18-2022,Commercial Turkey Breeder Toms,4700
846,Ada,Idaho,05-18-2022,WOAH Non-Poultry,6
847,Canyon,Idaho,05-18-2022,WOAH Non-Poultry,10
848,Berks,Pennsylvania,05-18-2022,Commercial Duck Breeder,7200
849,Canyon,Idaho,05-18-2022,WOAH Poultry,160
850,Canyon,Idaho,05-18-2022,WOAH Poultry,6
851,Canyon,Idaho,05-17-2022,WOAH Non-Poultry,50
852,Boone,Illinois,05-17-2022,WOAH Non-Poultry,20
853,Thurston,Washington,05-17-2022,WOAH Non-Poultry,410
854,Salt Lake,Utah,05-17-2022,WOAH Non-Poultry,30
855,Burke,North Dakota,05-17-2022,WOAH Non-Poultry,50
856,Canyon,Idaho,05-17-2022,WOAH Poultry,30
857,Berks,Pennsylvania,05-17-2022,Commercial Table Egg Layer,79000
858,Lane,Oregon,05-17-2022,WOAH Poultry,450
859,Ada,Idaho,05-17-2022,WOAH Poultry,9
860,Monmouth,New Jersey,05-17-2022,WOAH Poultry,60
861,Canyon,Idaho,05-17-2022,WOAH Poultry,30
862,Ada,Idaho,05-17-2022,WOAH Non-Poultry,20
863,Dunn,Wisconsin,05-16-2022,WOAH Non-Poultry,150
864,Berks,Pennsylvania,05-14-2022,Commercial Table Egg Breeder,83700
865,Sheridan,Wyoming,05-13-2022,WOAH Non-Poultry,20
866,Canyon,Idaho,05-13-2022,WOAH Non-Poultry,9
867,Ada,Idaho,05-13-2022,WOAH Non-Poultry,60
868,Marinette,Wisconsin,05-13-2022,WOAH Non-Poultry,90
869,Lincoln,Wyoming,05-13-2022,WOAH Non-Poultry,40
870,Barron,Wisconsin,05-13-2022,Commercial Turkey Meat Bird,10500
871,Whatcom,Washington,05-12-2022,WOAH Non-Poultry,80
872,Okanogan,Washington,05-12-2022,WOAH Non-Poultry,20
873,Ada,Idaho,05-12-2022,WOAH Non-Poultry,10
874,Chisago,Minnesota,05-12-2022,WOAH Non-Poultry,40
875,Grant,Minnesota,05-12-2022,WOAH Non-Poultry,310
876,Nobles,Minnesota,05-11-2023,WOAH Non-Poultry,100
877,Pierce,Washington,05-11-2022,WOAH Non-Poultry,20
878,Cache,Utah,05-11-2022,WOAH Non-Poultry,20
879,Clallam,Washington,05-11-2022,WOAH Non-Poultry,10
880,Chisago,Minnesota,05-11-2022,WOAH Poultry,160
881,Ada,Idaho,05-11-2022,WOAH Non-Poultry,4
882,Clallam,Washington,05-11-2022,WOAH Non-Poultry,10
883,Ionia,Michigan,05-10-2024,WOAH Non-Poultry,90
884,Jerome,Idaho,05-10-2024,WOAH Non-Poultry,20
885,Jerome,Idaho,05-10-2024,WOAH Poultry,1100
886,Lancaster,Pennsylvania,05-10-2022,Commercial Table Egg Layer,72300
887,Ada,Idaho,05-10-2022,WOAH Poultry,70
888,Todd,Minnesota,05-10-2022,WOAH Non-Poultry,50
889,Berks,Pennsylvania,05-10-2022,Commercial Duck Meat Bird,37300
890,Pierce,Washington,05-10-2022,WOAH Non-Poultry,20
891,Crow Wing,Minnesota,05-10-2022,WOAH Poultry,150
892,Berks,Pennsylvania,05-10-2022,Commercial Duck Breeder,23800
893,Muskegon,Michigan,05-10-2022,Commercial Turkey Meat Bird,35100
894,San Francisco,California,05-09-2024,Live Bird Market,700
895,Canyon,Idaho,05-09-2022,WOAH Poultry,50
896,Barron,Wisconsin,05-07-2022,Commercial Turkey Meat Bird,20100
897,Spokane,Washington,05-07-2022,WOAH Non-Poultry,80
898,Cassia,Idaho,05-06-2024,WOAH Non-Poultry,600
899,Anoka,Minnesota,05-06-2022,WOAH Non-Poultry,10
900,Fergus,Montana,05-06-2022,WOAH Non-Poultry,20
901,Oakland,Michigan,05-06-2022,WOAH Non-Poultry,50
902,Posey,Indiana,05-05-2023,WOAH Non-Poultry,20
903,Pierce,Wisconsin,05-05-2022,WOAH Non-Poultry,30
904,Linn,Oregon,05-05-2022,WOAH Non-Poultry,90
905,Pacific,Washington,05-05-2022,WOAH Poultry,40
906,Carver,Minnesota,05-04-2022,WOAH Non-Poultry,30
907,Day,South Dakota,05-04-2022,WOAH Poultry,80
908,Hamlin,South Dakota,05-04-2022,WOAH Non-Poultry,20
909,Bremer,Iowa,05-04-2022,WOAH Non-Poultry,50
910,Barron,Wisconsin,05-03-2022,Commercial Turkey Meat Bird,46700
911,Barron,Wisconsin,05-03-2022,Commercial Turkey Meat Bird,19300
912,Polk,Wisconsin,05-03-2022,WOAH Non-Poultry,120
913,Sauk,Wisconsin,05-03-2022,WOAH Non-Poultry,40
914,Beadle,South Dakota,05-03-2022,Commercial Turkey Meat Bird,56200
915,Berks,Pennsylvania,05-03-2022,Commercial Duck Meat Bird,74300
916,Berks,Pennsylvania,05-03-2022,Commercial Duck Breeder,29600
917,Lyon,Minnesota,05-03-2022,Commercial Turkey Meat Bird,120300
918,Fond Du Lac,Wisconsin,05-03-2022,WOAH Non-Poultry,20
919,Chisago,Minnesota,05-03-2022,WOAH Non-Poultry,30
920,Kane,Illinois,05-03-2022,WOAH Non-Poultry,50
921,Gratiot,Michigan,05-02-2024,Commercial Turkey Meat Bird,26400
922,Dodge,Minnesota,05-02-2024,Commercial Breeder Operation,14100
923,Clay,Florida,04-30-2024,WOAH Non-Poultry,20
924,Morrison,Minnesota,04-30-2022,WOAH Non-Poultry,50
925,Chisago,Minnesota,04-30-2022,WOAH Non-Poultry,30
926,Sequoyah,Oklahoma,04-30-2022,Commercial Broiler Breeder,13800
927,Branch,Michigan,04-30-2022,WOAH Non-Poultry,20
928,Chisago,Minnesota,04-30-2022,WOAH Non-Poultry,60
929,Gallatin,Montana,04-29-2022,WOAH Non-Poultry,20
930,Oconto,Wisconsin,04-29-2022,WOAH Non-Poultry,220
931,Stearns,Minnesota,04-29-2022,Commercial Turkey Breeder Hens,9600
932,Lancaster,Pennsylvania,04-29-2022,Commercial Duck Meat Bird,19300
933,Matanuska Susitna,Alaska,04-29-2022,WOAH Non-Poultry,30
934,Washington,Nebraska,04-29-2022,WOAH Non-Poultry,50
935,Weld,Colorado,04-29-2022,Commercial Table Egg Layer,1366200
936,Pondera,Montana,04-29-2022,WOAH Non-Poultry,2000
937,Fergus,Montana,04-29-2022,WOAH Non-Poultry,110
938,Barron,Wisconsin,04-29-2022,WOAH Non-Poultry,150
939,Johnson,Indiana,04-28-2022,WOAH Non-Poultry,40
940,Caledonia,Vermont,04-28-2022,WOAH Non-Poultry,30
941,Swift,Minnesota,04-28-2022,WOAH Non-Poultry,20
942,Carver,Minnesota,04-28-2022,WOAH Non-Poultry,20
943,Wexford,Michigan,04-28-2022,WOAH Poultry,70
944,Barron,Wisconsin,04-28-2022,Commercial Turkey Meat Bird,110700
945,Saginaw,Michigan,04-27-2022,WOAH Non-Poultry,80
946,Knox,Nebraska,04-27-2022,Commercial Table Egg Layer,2118000
947,Lancaster,Pennsylvania,04-27-2022,Commercial Broiler Breeder Pullets,18100
948,Republic,Kansas,04-27-2022,WOAH Poultry,110
949,Gratiot,Michigan,04-26-2024,Commercial Turkey Meat Bird,27700
950,Lancaster,Pennsylvania,04-26-2022,Commercial Table Egg Layer,307400
951,Richland,North Dakota,04-26-2022,WOAH Poultry,20
952,Kossuth,Iowa,04-26-2022,WOAH Non-Poultry,4
953,Missoula,Montana,04-26-2022,WOAH Non-Poultry,70
954,Cassia,Idaho,04-25-2024,WOAH Non-Poultry,40
955,Menominee,Michigan,04-25-2022,WOAH Non-Poultry,40
956,Rice,Minnesota,04-25-2022,WOAH Non-Poultry,90
957,Stearns,Minnesota,04-25-2022,Commercial Turkey Meat Bird,14600
958,Cache,Utah,04-25-2022,Commercial Table Egg Layer,1501200
959,Ottawa,Michigan,04-24-2024,Commercial Turkey Meat Bird,104000
960,Routt,Colorado,04-24-2023,WOAH Non-Poultry,20
961,Polk,Wisconsin,04-23-2022,WOAH Non-Poultry,40
962,Yellow Medicine,Minnesota,04-22-2022,Commercial Turkey Meat Bird,49500
963,Swift,Minnesota,04-22-2022,Commercial Turkey Meat Bird,127400
964,Otter Tail,Minnesota,04-22-2022,Commercial Turkey Meat Bird,27300
965,Lancaster,Pennsylvania,04-22-2022,Commercial Broiler Production,50300
966,Todd,Minnesota,04-21-2022,Commercial Turkey Meat Bird,19700
967,Richland,North Dakota,04-21-2022,Commercial Turkey Meat Bird,27500
968,Morrison,Minnesota,04-21-2022,Commercial Turkey Meat Bird,40900
969,Bremer,Iowa,04-21-2022,Commercial Turkey Meat Bird,29200
970,Todd,Minnesota,04-21-2022,Commercial Turkey Meat Bird,37000
971,Renville,North Dakota,04-21-2022,WOAH Non-Poultry,70
972,Lancaster,Pennsylvania,04-20-2022,Commercial Table Egg Layer,879400
973,Stearns,Minnesota,04-20-2022,Commercial Turkey Meat Bird,62800
974,Madison,Idaho,04-20-2022,WOAH Poultry,200
975,Lancaster,Pennsylvania,04-20-2022,Commercial Table Egg Layer,1127700
976,Glacier,Montana,04-20-2022,WOAH Poultry,54200
977,Elkhart,Indiana,04-20-2022,Commercial Duck Meat Bird,6600
978,Stearns,Minnesota,04-20-2022,Commercial Turkey Meat Bird,72000
979,Todd,Minnesota,04-20-2022,Commercial Turkey Meat Bird,30300
980,Todd,Minnesota,04-20-2022,Commercial Turkey Meat Bird,30100
981,Beadle,South Dakota,04-19-2023,Commercial Turkey Meat Bird,75800
982,Dickey,North Dakota,04-19-2023,Commercial Turkey Meat Bird,58500
983,Gooding,Idaho,04-19-2022,WOAH Non-Poultry,80
984,Meeker,Minnesota,04-19-2022,Commercial Turkey Meat Bird,53000
985,Morrison,Minnesota,04-19-2022,Commercial Turkey Meat Bird,47700
986,Otter Tail,Minnesota,04-19-2022,Commercial Turkey Meat Bird,29700
987,Montrose,Colorado,04-19-2022,Commercial Broiler Breeder,58000
988,Morrison,Minnesota,04-19-2022,Commercial Turkey Meat Bird,58100
989,La Plata,Colorado,04-19-2022,WOAH Poultry,40
990,Morrison,Minnesota,04-19-2022,Commercial Turkey Meat Bird,17600
991,Kandiyohi,Minnesota,04-19-2022,Commercial Turkey Meat Bird,35700
992,Swift,Minnesota,04-19-2022,Commercial Turkey Meat Bird,31600
993,Kandiyohi,Minnesota,04-19-2022,Commercial Turkey Meat Bird,38700
994,Stutsman,North Dakota,04-19-2022,WOAH Poultry,20
995,Kings,New York,04-18-2023,Live Bird Market,1400
996,Newaygo,Michigan,04-17-2024,Commercial Turkey Meat Bird,67200
997,Roosevelt,New Mexico,04-17-2024,Commercial Breeder (Multiple Bird Species),51800
998,Bonneville,Idaho,04-17-2023,WOAH Non-Poultry,40
999,Moffat,Colorado,04-17-2023,WOAH Non-Poultry,80
1000,Putnam,New York,04-17-2023,WOAH Poultry,110
1001,Ionia,Michigan,04-16-2024,Commercial Table Egg Layer,2422700
1002,Menominee,Michigan,04-16-2022,WOAH Non-Poultry,30
1003,Miami-dade,Florida,04-15-2024,Live Bird Market,90
1004,Roosevelt,New Mexico,04-15-2024,Commercial Breeder (Multiple Bird Species),15900
1005,Utah,Utah,04-15-2022,WOAH Non-Poultry,7
1006,Lancaster,Pennsylvania,04-15-2022,Commercial Table Egg Layer,1380500
1007,Macomb,Michigan,04-15-2022,WOAH Non-Poultry,40
1008,Polk,Wisconsin,04-15-2022,Commercial Turkey Meat Bird,22000
1009,Livingston,Michigan,04-15-2022,WOAH Non-Poultry,20
1010,Rosebud,Montana,04-14-2023,WOAH Non-Poultry,0
1011,Sheridan,Nebraska,04-14-2023,WOAH Non-Poultry,10
1012,Lamoure,North Dakota,04-14-2022,WOAH Non-Poultry,10
1013,Sheboygan,Wisconsin,04-14-2022,WOAH Non-Poultry,20
1014,Gooding,Idaho,04-14-2022,WOAH Poultry,20
1015,Meeker,Minnesota,04-14-2022,Commercial Turkey Meat Bird,73200
1016,Elkhart,Indiana,04-14-2022,Commercial Duck Breeder,6400
1017,Columbia,Wisconsin,04-14-2022,WOAH Non-Poultry,70
1018,Blue Earth,Minnesota,04-14-2022,Commercial Turkey Meat Bird,26400
1019,Caribou,Idaho,04-14-2022,WOAH Non-Poultry,7
1020,Mcpherson,Kansas,04-13-2022,Commercial Turkey Breeder Hens,6900
1021,Barnes,North Dakota,04-13-2022,WOAH Poultry,90
1022,Benton,Minnesota,04-13-2022,WOAH Non-Poultry,7
1023,Deuel,South Dakota,04-13-2022,Commercial Upland Gamebird Producer,1400
1024,Waseca,Minnesota,04-13-2022,Commercial Turkey Meat Bird,20300
1025,Menominee,Michigan,04-13-2022,WOAH Poultry,350
1026,Blue Earth,Minnesota,04-13-2022,Commercial Turkey Meat Bird,22700
1027,Otter Tail,Minnesota,04-13-2022,Commercial Turkey Meat Bird,35700
1028,Roosevelt,New Mexico,04-12-2024,Commercial Breeder (Multiple Bird Species),61500
1029,Putnam,New York,04-12-2023,WOAH Poultry,200
1030,Modoc,California,04-12-2023,WOAH Non-Poultry,60
1031,Pueblo,Colorado,04-12-2023,WOAH Non-Poultry,30
1032,Dixon,Nebraska,04-12-2022,Commercial Table Egg Layer,1746900
1033,Kandiyohi,Minnesota,04-12-2022,Commercial Turkey Meat Bird,37100
1034,Sheridan,North Dakota,04-12-2022,WOAH Non-Poultry,30
1035,Morrison,Minnesota,04-12-2022,Commercial Table Egg Layer,216200
1036,Toole,Montana,04-12-2022,WOAH Non-Poultry,20
1037,Barron,Wisconsin,04-12-2022,Commercial Turkey Meat Bird,46500
1038,Yellow Medicine,Minnesota,04-12-2022,Commercial Turkey Meat Bird,44800
1039,Benton,Minnesota,04-12-2022,WOAH Non-Poultry,130
1040,Morrison,Minnesota,04-12-2022,Commercial Broiler Production,42900
1041,Morrison,Minnesota,04-12-2022,Commercial Turkey Meat Bird,37600
1042,Wayne,North Carolina,04-12-2022,Commercial Broiler Production,89700
1043,Meeker,Minnesota,04-11-2024,Commercial Turkey Meat Bird,68500
1044,Menominee,Michigan,04-11-2022,WOAH Non-Poultry,70
1045,Grant,Kansas,04-10-2024,WOAH Poultry,17700
1046,Mitchell,Kansas,04-10-2023,WOAH Non-Poultry,30
1047,Ionia,Michigan,04-09-2024,Commercial Table Egg Layer,2147500
1048,Swift,Minnesota,04-09-2022,Commercial Turkey Meat Bird,130900
1049,Yankton,South Dakota,04-09-2022,Commercial Turkey Meat Bird,76100
1050,Stearns,Minnesota,04-09-2022,Commercial Turkey Meat Bird,26100
1051,Le Sueur,Minnesota,04-09-2022,Commercial Turkey Meat Bird,37800
1052,Renville,Minnesota,04-08-2022,Commercial Turkey Meat Bird,76400
1053,Elkhart,Indiana,04-08-2022,Commercial Duck Breeder,4700
1054,Clark,South Dakota,04-08-2022,Commercial Turkey Meat Bird,38700
1055,Otter Tail,Minnesota,04-08-2022,Commercial Turkey Meat Bird,29900
1056,Pitkin,Colorado,04-08-2022,WOAH Poultry,30
1057,Stutsman,North Dakota,04-08-2022,WOAH Poultry,40
1058,Edmunds,South Dakota,04-08-2022,Commercial Turkey Meat Bird,36400
1059,Judith Basin,Montana,04-07-2022,WOAH Non-Poultry,20
1060,Kandiyohi,Minnesota,04-07-2022,Commercial Turkey Breeder Hens,20800
1061,Racine,Wisconsin,04-07-2022,WOAH Poultry,220
1062,Wayne,North Carolina,04-07-2022,Commercial Turkey Meat Bird,18500
1063,Cascade,Montana,04-07-2022,WOAH Poultry,22000
1064,Wayne,North Carolina,04-06-2022,Commercial Broiler Production,216000
1065,Dade,Missouri,04-06-2022,Commercial Turkey Meat Bird,14000
1066,Waseca,Minnesota,04-06-2022,Commercial Turkey Meat Bird,17900
1067,Fulton,New York,04-06-2022,WOAH Non-Poultry,4
1068,Wayne,North Carolina,04-06-2022,Commercial Broiler Production,65600
1069,Park,Wyoming,04-06-2022,WOAH Non-Poultry,100
1070,Mcpherson,South Dakota,04-06-2022,Commercial Turkey Meat Bird,45900
1071,Queens,New York,04-05-2023,Live Bird Market,1300
1072,Spink,South Dakota,04-05-2022,Commercial Turkey Meat Bird,26300
1073,Clark,South Dakota,04-05-2022,Commercial Turkey Meat Bird,24000
1074,Faulk,South Dakota,04-05-2022,Commercial Turkey Meat Bird,48000
1075,Hardin,Iowa,04-05-2022,Commercial Turkey Meat Bird,46000
1076,Orleans,New York,04-05-2022,WOAH Poultry,30
1077,Big Stone,Minnesota,04-05-2022,Commercial Turkey Meat Bird,49500
1078,Lawrence,Missouri,04-05-2022,Commercial Turkey Meat Bird,27600
1079,Wayne,North Carolina,04-05-2022,Commercial Turkey Meat Bird,14200
1080,Stearns,Minnesota,04-05-2022,Commercial Turkey Meat Bird,40800
1081,Morrison,Minnesota,04-05-2022,Commercial Turkey Meat Bird,26200
1082,Morrison,Minnesota,04-05-2022,Commercial Turkey Meat Bird,105300
1083,Meeker,Minnesota,04-05-2022,Commercial Turkey Meat Bird,128500
1084,Waseca,Minnesota,04-05-2022,Commercial Turkey Meat Bird,25500
1085,Beadle,South Dakota,04-05-2022,Commercial Turkey Meat Bird,55600
1086,Sheridan,Wyoming,04-05-2022,WOAH Non-Poultry,50
1087,Cass,North Dakota,04-05-2022,WOAH Non-Poultry,110
1088,Waldo,Maine,04-05-2022,WOAH Non-Poultry,50
1089,Scotts Bluff,Nebraska,04-05-2022,WOAH Non-Poultry,30
1090,Becker,Minnesota,04-04-2022,Commercial Turkey Meat Bird,44700
1091,Kandiyohi,Minnesota,04-04-2022,Commercial Turkey Breeder Hens,48500
1092,Kandiyohi,Minnesota,04-04-2022,Commercial Turkey Breeder Hens,20400
1093,Hamilton,Iowa,04-04-2022,Commercial Turkey Poult Supplier,8100
1094,Lamoure,North Dakota,04-04-2022,Commercial Turkey Meat Bird,50900
1095,Mcpherson,South Dakota,04-04-2022,Commercial Turkey Meat Bird,61000
1096,Morrison,Minnesota,04-04-2022,Commercial Turkey Meat Bird,32400
1097,Kandiyohi,Minnesota,04-04-2022,Commercial Turkey Meat Bird,38500
1098,Le Sueur,Minnesota,04-03-2023,WOAH Non-Poultry,100
1099,Erath,Texas,04-03-2022,Commercial Upland Gamebird Producer,1700
1100,Le Sueur,Minnesota,04-03-2022,Commercial Turkey Meat Bird,19600
1101,Dodge,Minnesota,04-03-2022,Commercial Turkey Meat Bird,20000
1102,Parmer,Texas,04-02-2024,Commercial Table Egg Layer,1894100
1103,Ionia,Michigan,04-02-2024,Commercial Table Egg Layer,1928500
1104,Lamoure,North Dakota,04-02-2022,Commercial Turkey Meat Bird,27400
1105,Wayne,North Carolina,04-02-2022,Commercial Turkey Meat Bird,16900
1106,Humboldt,Iowa,04-02-2022,Commercial Table Egg Breeder,15300
1107,Spink,South Dakota,04-02-2022,Commercial Turkey Meat Bird,41800
1108,Johnston,North Carolina,04-02-2022,Commercial Turkey Meat Bird,9500
1109,Sac,Iowa,04-02-2022,Commercial Turkey Meat Bird,37200
1110,Lake,South Dakota,04-02-2022,Commercial Turkey Meat Bird,59000
1111,Stearns,Minnesota,04-02-2022,Commercial Turkey Meat Bird,27600
1112,Johnston,North Carolina,04-02-2022,Commercial Turkey Meat Bird,18900
1113,Charles Mix,South Dakota,04-01-2022,Commercial Turkey Meat Bird,81500
1114,Edmunds,South Dakota,04-01-2022,Commercial Turkey Breeder Replacement Hens,30600
1115,Dickey,North Dakota,04-01-2022,Commercial Turkey Meat Bird,60700
1116,Rock,Wisconsin,04-01-2022,WOAH Non-Poultry,20
1117,Fremont,Wyoming,04-01-2022,WOAH Non-Poultry,50
1118,Jasper,Missouri,04-01-2022,Commercial Turkey Meat Bird,35300
1119,Carroll,Illinois,03-31-2022,WOAH Non-Poultry,40
1120,Stearns,Minnesota,03-31-2022,WOAH Non-Poultry,150
1121,Dickey,North Dakota,03-31-2022,WOAH Poultry,30
1122,Mcpherson,South Dakota,03-31-2022,Commercial Turkey Breeder Hens,26000
1123,Morrison,Minnesota,03-31-2022,Commercial Turkey Meat Bird,52600
1124,Cherokee,Iowa,03-31-2022,Commercial Turkey Meat Bird,88000
1125,Osceola,Iowa,03-31-2022,Commercial Table Egg Layer,5011700
1126,Umatilla,Oregon,03-30-2023,WOAH Non-Poultry,50
1127,Brule,South Dakota,03-30-2022,Commercial Turkey Meat Bird,55100
1128,Buena Vista,Iowa,03-30-2022,Commercial Turkey Meat Bird,35600
1129,Lincoln,Maine,03-30-2022,WOAH Non-Poultry,3
1130,Park,Wyoming,03-30-2022,WOAH Non-Poultry,40
1131,Edmunds,South Dakota,03-29-2022,Commercial Turkey Breeder Hens,21900
1132,Monroe,New York,03-29-2022,WOAH Poultry,400
1133,Kidder,North Dakota,03-29-2022,WOAH Poultry,30
1134,Knox,Maine,03-29-2022,WOAH Non-Poultry,40
1135,Lac Qui Parle,Minnesota,03-29-2022,Commercial Turkey Meat Bird,22500
1136,Kandiyohi,Minnesota,03-29-2022,Commercial Turkey Meat Bird,39500
1137,Berkshire,Massachusetts,03-29-2022,WOAH Non-Poultry,260
1138,Bon Homme,South Dakota,03-29-2022,Commercial Turkey Meat Bird,48200
1139,Johnston,North Carolina,03-29-2022,Commercial Turkey Meat Bird,32100
1140,Spink,South Dakota,03-29-2022,Commercial Turkey Meat Bird,45900
1141,Franklin,Ohio,03-29-2022,WOAH Non-Poultry,8
1142,Johnson,Wyoming,03-29-2022,WOAH Non-Poultry,40
1143,Guilford,North Carolina,03-28-2024,WOAH Non-Poultry,80
1144,Yuma,Colorado,03-28-2023,WOAH Poultry,310
1145,Guthrie,Iowa,03-28-2022,Commercial Table Egg Layer,1460000
1146,Hamilton,Iowa,03-28-2022,Commercial Turkey Meat Bird,25800
1147,Mcpherson,South Dakota,03-27-2022,Commercial Turkey Meat Bird,43900
1148,Hutchinson,South Dakota,03-27-2022,Commercial Turkey Meat Bird,39200
1149,Clark,South Dakota,03-27-2022,Commercial Turkey Meat Bird,43100
1150,Washington,Maine,03-26-2022,WOAH Non-Poultry,20
1151,Holt,Nebraska,03-26-2022,WOAH Non-Poultry,50
1152,Stearns,Minnesota,03-26-2022,Commercial Turkey Meat Bird,23500
1153,Gentry,Missouri,03-26-2022,WOAH Non-Poultry,140
1154,Bon Homme,South Dakota,03-26-2022,WOAH Non-Poultry,230
1155,Meeker,Minnesota,03-26-2022,Commercial Turkey Meat Bird,287500
1156,Mower,Minnesota,03-26-2022,WOAH Non-Poultry,20
1157,Franklin,Iowa,03-25-2022,Commercial Table Egg Pullets,250200
1158,Mitchell,Kansas,03-25-2022,WOAH Non-Poultry,20
1159,Hutchinson,South Dakota,03-25-2022,Commercial Turkey Meat Bird,45800
1160,Suffolk,New York,03-25-2022,WOAH Poultry,290
1161,Ellsworth,Kansas,03-24-2023,WOAH Non-Poultry,50
1162,Arapahoe,Colorado,03-24-2023,WOAH Non-Poultry,10
1163,Butler,Nebraska,03-24-2022,Commercial Broiler Production,418500
1164,Jerauld,South Dakota,03-24-2022,Commercial Turkey Meat Bird,44000
1165,Macomb,Michigan,03-24-2022,WOAH Non-Poultry,70
1166,Buena Vista,Iowa,03-24-2022,Commercial Turkey Meat Bird,53800
1167,Lapeer,Michigan,03-23-2023,WOAH Poultry,950
1168,Kingsbury,South Dakota,03-23-2022,Commercial Table Egg Layer,120300
1169,Suffolk,New York,03-23-2022,Commercial Upland Gamebird Producer,8500
1170,Edmunds,South Dakota,03-23-2022,Commercial Turkey Breeder Hens,30800
1171,Beadle,South Dakota,03-23-2022,Commercial Turkey Meat Bird,49900
1172,Hale,Texas,03-22-2023,WOAH Non-Poultry,20
1173,Queens,New York,03-22-2023,Live Bird Market,140
1174,Tompkins,New York,03-22-2023,WOAH Poultry,6500
1175,Spink,South Dakota,03-22-2023,Commercial Upland Gamebird Producer,570
1176,Klamath,Oregon,03-22-2023,WOAH Non-Poultry,30
1177,Hanson,South Dakota,03-22-2022,Commercial Turkey Meat Bird,94600
1178,Charles Mix,South Dakota,03-22-2022,Commercial Turkey Meat Bird,53800
1179,Beadle,South Dakota,03-22-2022,Commercial Turkey Meat Bird,29400
1180,Butler,Nebraska,03-22-2022,Commercial Broiler Production,570000
1181,Cumberland,Maine,03-22-2022,WOAH Poultry,250
1182,Washington,New York,03-21-2023,WOAH Non-Poultry,50
1183,Hillsborough,Florida,03-21-2023,Live Bird Market,340
1184,Deaf Smith,Texas,03-20-2024,WOAH Non-Poultry,50
1185,Warren,Iowa,03-20-2022,WOAH Non-Poultry,10
1186,Hutchinson,South Dakota,03-20-2022,Commercial Turkey Meat Bird,50400
1187,York,Maine,03-19-2022,WOAH Non-Poultry,70
1188,Knox,Maine,03-19-2022,WOAH Non-Poultry,20
1189,Knox,Maine,03-18-2024,WOAH Non-Poultry,40
1190,Dickinson,Kansas,03-18-2022,WOAH Poultry,250
1191,Hanson,South Dakota,03-18-2022,Commercial Turkey Meat Bird,20200
1192,Kingsbury,South Dakota,03-18-2022,Commercial Turkey Meat Bird,39200
1193,Cecil,Maryland,03-18-2022,Commercial Table Egg Pullets,315400
1194,Lancaster,Pennsylvania,03-17-2023,WOAH Poultry,2500
1195,Sedgwick,Kansas,03-17-2022,WOAH Non-Poultry,6
1196,Kent,Delaware,03-17-2022,Commercial Broiler Production,147800
1197,Buena Vista,Iowa,03-17-2022,Commercial Table Egg Layer,5347500
1198,Lincoln,Maine,03-17-2022,WOAH Non-Poultry,30
1199,Lancaster,Pennsylvania,03-16-2023,WOAH Poultry,2400
1200,Lancaster,Pennsylvania,03-16-2023,WOAH Poultry,1600
1201,Monroe,Mississippi,03-16-2023,WOAH Non-Poultry,30
1202,Maries,Missouri,03-16-2023,WOAH Non-Poultry,10
1203,Chester,Pennsylvania,03-16-2023,Commercial Turkey Meat Bird,11800
1204,Rockingham,New Hampshire,03-16-2022,WOAH Non-Poultry,150
1205,Chickasaw,Iowa,03-15-2023,WOAH Non-Poultry,50
1206,Mifflin,Pennsylvania,03-15-2023,WOAH Non-Poultry,60
1207,Merrick,Nebraska,03-15-2022,WOAH Non-Poultry,90
1208,Ralls,Missouri,03-15-2022,WOAH Non-Poultry,100
1209,Klamath,Oregon,03-14-2024,WOAH Non-Poultry,10
1210,Lancaster,Pennsylvania,03-14-2023,WOAH Poultry,2400
1211,Lancaster,Pennsylvania,03-14-2023,WOAH Poultry,2400
1212,Lancaster,Pennsylvania,03-14-2023,WOAH Poultry,3000
1213,Eaton,Michigan,03-14-2023,WOAH Non-Poultry,20
1214,Lancaster,Pennsylvania,03-14-2023,WOAH Poultry,3000
1215,Lancaster,Pennsylvania,03-14-2023,WOAH Poultry,3900
1216,Jefferson,Wisconsin,03-14-2022,Commercial Table Egg Layer,2750700
1217,York,Maine,03-14-2022,WOAH Non-Poultry,180
1218,Lancaster,Pennsylvania,03-13-2023,WOAH Poultry,6000
1219,Hutchinson,South Dakota,03-12-2024,Commercial Turkey Meat Bird,31200
1220,Lincoln,Maine,03-12-2022,WOAH Non-Poultry,100
1221,Charles Mix,South Dakota,03-12-2022,Commercial Turkey Meat Bird,37500
1222,Clay,Minnesota,03-11-2024,WOAH Non-Poultry,80
1223,Moore,Texas,03-11-2024,WOAH Non-Poultry,280
1224,Franklin,Kansas,03-11-2022,WOAH Poultry,260
1225,Mclean,Illinois,03-11-2022,WOAH Non-Poultry,40
1226,Taylor,Iowa,03-10-2022,Commercial Table Egg Layer,915900
1227,Cecil,Maryland,03-10-2022,Commercial Table Egg Layer,663400
1228,Lawrence,Missouri,03-09-2022,Commercial Turkey Breeder Replacement Hens,37800
1229,Jasper,Missouri,03-08-2022,Commercial Turkey Meat Bird,25000
1230,New Castle,Delaware,03-08-2022,Commercial Table Egg Pullets,243900
1231,Queen Anne's,Maryland,03-08-2022,Commercial Broiler Production,139300
1232,Essex,Massachusetts,03-07-2024,WOAH Poultry,70
1233,Rockingham,Virginia,03-07-2023,WOAH Non-Poultry,250
1234,Lancaster,Pennsylvania,03-06-2023,WOAH Poultry,6000
1235,Lancaster,Pennsylvania,03-06-2023,WOAH Poultry,310
1236,Lancaster,Pennsylvania,03-06-2023,WOAH Poultry,1800
1237,Bucks,Pennsylvania,03-06-2023,WOAH Poultry,1700
1238,Bingham,Idaho,03-06-2023,WOAH Non-Poultry,10
1239,Buena Vista,Iowa,03-06-2022,Commercial Turkey Meat Bird,49800
1240,Charles Mix,South Dakota,03-05-2022,Commercial Turkey Meat Bird,44100
1241,Lancaster,Pennsylvania,03-04-2023,Commercial Duck Breeder,11300
1242,Northumberland,Pennsylvania,03-04-2023,WOAH Poultry,680
1243,Lancaster,Pennsylvania,03-04-2023,Commercial Turkey Meat Bird,19600
1244,Lancaster,Pennsylvania,03-04-2023,Commercial Turkey Meat Bird,26600
1245,Chester,Pennsylvania,03-04-2023,WOAH Poultry,6900
1246,Stoddard,Missouri,03-04-2022,Commercial Broiler Production,294800
1247,Bates,Missouri,03-04-2022,WOAH Non-Poultry,50
1248,Cecil,Maryland,03-04-2022,Commercial Table Egg Layer,644000
1249,Chester,Pennsylvania,03-03-2023,WOAH Poultry,5200
1250,Douglas,Nevada,03-03-2023,WOAH Non-Poultry,20
1251,Dubois,Indiana,03-02-2022,Commercial Turkey Meat Bird,16500
1252,Pottawattamie,Iowa,03-01-2022,WOAH Non-Poultry,40
1253,New London,Connecticut,03-01-2022,WOAH Non-Poultry,160
1254,Miami-dade,Florida,02-28-2023,Live Bird Market,510
1255,Stevens,Minnesota,02-27-2024,WOAH Non-Poultry,20
1256,Mahoning,Ohio,02-27-2024,WOAH Non-Poultry,140
1257,Lancaster,Pennsylvania,02-27-2023,WOAH Poultry,4400
1258,Monroe,New York,02-26-2024,WOAH Non-Poultry,20
1259,Wayne,Illinois,02-24-2023,Commercial Turkey Meat Bird,18200
1260,Lancaster,Pennsylvania,02-24-2023,WOAH Poultry,4000
1261,Chester,Pennsylvania,02-24-2023,WOAH Poultry,3400
1262,Dutchess,New York,02-24-2022,WOAH Non-Poultry,200
1263,Dubois,Indiana,02-24-2022,Commercial Turkey Meat Bird,36000
1264,Ulster,New York,02-24-2022,WOAH Non-Poultry,70
1265,Dallas,Missouri,02-23-2024,WOAH Poultry,20300
1266,Allen,Indiana,02-23-2024,WOAH Non-Poultry,50
1267,Onondaga,New York,02-23-2024,WOAH Non-Poultry,10
1268,Moffat,Colorado,02-23-2023,WOAH Non-Poultry,40
1269,Lancaster,Pennsylvania,02-23-2023,WOAH Poultry,2000
1270,Alexandria City,Virginia,02-23-2023,Live Bird Market,800
1271,Knox,Maine,02-23-2022,WOAH Non-Poultry,100
1272,Greene,Indiana,02-23-2022,Commercial Turkey Meat Bird,15400
1273,Kalamazoo,Michigan,02-23-2022,WOAH Non-Poultry,30
1274,Greene,Indiana,02-23-2022,Commercial Turkey Meat Bird,48200
1275,Charles,Maryland,02-22-2024,WOAH Non-Poultry,30
1276,Lancaster,Pennsylvania,02-22-2023,WOAH Poultry,4200
1277,New Castle,Delaware,02-22-2022,Commercial Table Egg Layer,1046900
1278,Franklin,Ohio,02-21-2024,WOAH Non-Poultry,10
1279,Dallas,Missouri,02-21-2024,Commercial Turkey Meat Bird,28500
1280,Dallas,Missouri,02-21-2024,Commercial Turkey Meat Bird,12300
1281,Dallas,Missouri,02-21-2024,Commercial Turkey Meat Bird,31000
1282,Lancaster,Pennsylvania,02-21-2023,Commercial Broiler Production,97700
1283,Lincoln,Nebraska,02-21-2023,WOAH Poultry,420
1284,Duplin,North Carolina,02-20-2024,Commercial Turkey Meat Bird,20900
1285,Knox,Maine,02-19-2022,WOAH Non-Poultry,30
1286,Suffolk,New York,02-18-2022,WOAH Non-Poultry,8
1287,Tioga,Pennsylvania,02-17-2023,WOAH Non-Poultry,50
1288,Copiah,Mississippi,02-17-2023,WOAH Poultry,50
1289,San Joaquin,California,02-17-2023,WOAH Non-Poultry,160
1290,Kanawha,West Virginia,02-16-2024,WOAH Non-Poultry,250
1291,Dubois,Indiana,02-16-2022,Commercial Turkey Meat Bird,26600
1292,Columbia,New York,02-15-2023,WOAH Poultry,250
1293,Webster,Kentucky,02-15-2022,Commercial Turkey Meat Bird,53300
1294,Benton,Washington,02-14-2023,WOAH Non-Poultry,60
1295,Hillsborough,Florida,02-14-2023,WOAH Non-Poultry,10
1296,Carroll,Missouri,02-13-2023,WOAH Non-Poultry,9
1297,Doniphan,Kansas,02-13-2023,WOAH Non-Poultry,30
1298,Schuylkill,Pennsylvania,02-12-2024,WOAH Non-Poultry,30
1299,Twin Falls,Idaho,02-12-2024,WOAH Non-Poultry,20
1300,Fulton,Kentucky,02-12-2022,Commercial Broiler Production,231400
1301,Fauquier,Virginia,02-12-2022,WOAH Non-Poultry,90
1302,Mason,Washington,02-10-2025,WOAH Non-Poultry,7
1303,Lenoir,North Carolina,02-09-2024,Commercial Turkey Meat Bird,32400
1304,Delta,Colorado,02-08-2024,Commercial Broiler Breeder,66500
1305,Owyhee,Idaho,02-08-2024,WOAH Non-Poultry,9
1306,Miami-dade,Florida,02-08-2024,Live Bird Market,1500
1307,Lancaster,Pennsylvania,02-08-2023,WOAH Poultry,20300
1308,Mitchell,Kansas,02-08-2023,Commercial Upland Gamebird Producer,17000
1309,Dubois,Indiana,02-08-2022,Commercial Turkey Meat Bird,29000
1310,Calcasieu,Louisiana,02-07-2025,WOAH Non-Poultry,10
1311,Lancaster,Pennsylvania,02-07-2025,WOAH Poultry,610
1312,Lebanon,Pennsylvania,02-07-2025,Commercial Broiler Production,53500
1313,Mercer,Ohio,02-07-2025,Commercial Table Egg Layer,96300
1314,Mercer,Ohio,02-07-2025,Commercial Turkey Meat Bird,4100
1315,Mercer,Ohio,02-07-2025,Commercial Table Egg Layer,388900
1316,Leake,Mississippi,02-07-2023,Commercial Broiler Production,89800
1317,Allegheny,Pennsylvania,02-07-2023,WOAH Non-Poultry,20
1318,Queens,New York,02-06-2025,Live Bird Market,200
1319,Lancaster,Pennsylvania,02-06-2025,Commercial Duck Meat Bird,40000
1320,Lawrence,Missouri,02-06-2025,Commercial Turkey Meat Bird,9500
1321,Bronx,New York,02-06-2025,Live Bird Market,0
1322,Lebanon,Pennsylvania,02-06-2025,Commercial Table Egg Layer,86000
1323,Newton,Missouri,02-06-2025,Commercial Broiler Production,44400
1324,Mercer,Ohio,02-06-2025,Commercial Turkey Meat Bird,10100
1325,Lancaster,Pennsylvania,02-06-2025,WOAH Poultry,14900
1326,Mercer,Ohio,02-06-2025,Commercial Turkey Meat Bird,19900
1327,Mercer,Ohio,02-06-2025,Commercial Table Egg Layer,232600
1328,Darke,Ohio,02-06-2025,Commercial Table Egg Layer,522200
1329,New London,Connecticut,02-06-2025,WOAH Non-Poultry,20
1330,Gage,Nebraska,02-06-2024,Commercial Broiler Production,102000
1331,Wayne,Pennsylvania,02-06-2024,WOAH Non-Poultry,360
1332,Essex,Massachusetts,02-06-2024,WOAH Non-Poultry,20
1333,Park,Wyoming,02-06-2023,WOAH Non-Poultry,10
1334,Placer,California,02-06-2023,WOAH Non-Poultry,30
1335,Kennebec,Maine,02-06-2023,WOAH Non-Poultry,40
1336,Hancock,Maine,02-06-2023,WOAH Non-Poultry,30
1337,Merced,California,02-06-2023,Commercial Duck Breeder,29100
1338,San Joaquin,California,02-06-2023,WOAH Non-Poultry,8
1339,Mercer,Ohio,02-05-2025,Commercial Turkey Meat Bird,8900
1340,Larimer,Colorado,02-05-2025,WOAH Non-Poultry,10
1341,Auglaize,Ohio,02-05-2025,Commercial Turkey Meat Bird,11000
1342,Queens,New York,02-05-2025,Live Bird Market,520
1343,Cumberland,Pennsylvania,02-05-2025,Commercial Broiler Production,26400
1344,Mercer,Ohio,02-05-2025,Commercial Table Egg Layer,174600
1345,Stanislaus,California,02-05-2025,Commercial Turkey Meat Bird,30200
1346,Kings,New York,02-05-2025,Live Bird Market,0
1347,Pinal,Arizona,02-05-2025,WOAH Non-Poultry,0
1348,Harvey,Kansas,02-04-2025,WOAH Non-Poultry,50
1349,Lawrence,Missouri,02-04-2025,Commercial Turkey Breeder Replacement Hens,14300
1350,Darke,Ohio,02-04-2025,Commercial Turkey Meat Bird,5400
1351,Mercer,Ohio,02-04-2025,Commercial Table Egg Layer,96700
1352,Mercer,Ohio,02-04-2025,Commercial Turkey Meat Bird,11600
1353,Mercer,Ohio,02-04-2025,Commercial Turkey Meat Bird,12200
1354,Queens,New York,02-04-2025,Live Bird Market,1100
1355,Adams,Pennsylvania,02-04-2025,WOAH Non-Poultry,30
1356,Mercer,Ohio,02-04-2025,Commercial Turkey Meat Bird,3500
1357,Newton,Missouri,02-04-2025,Commercial Turkey Meat Bird,13600
1358,Jasper,Missouri,02-04-2025,Commercial Turkey Meat Bird,49500
1359,Dauphin,Pennsylvania,02-04-2025,Commercial Table Egg Layer,1975300
1360,Bronx,New York,02-04-2025,Live Bird Market,100
1361,Alpena,Michigan,02-04-2025,WOAH Non-Poultry,8
1362,Mercer,Ohio,02-04-2025,Commercial Table Egg Pullets,88300
1363,Worcester,Maryland,02-04-2025,Commercial Broiler Production,201600
1364,San Joaquin,California,02-03-2025,Commercial Turkey Meat Bird,22200
1365,Klamath,Oregon,02-03-2025,WOAH Non-Poultry,8
1366,Lancaster,Pennsylvania,02-01-2023,Commercial Duck Meat Bird,32800
1367,Lancaster,Pennsylvania,02-01-2023,WOAH Poultry,2700
1368,Mercer,Ohio,01-31-2025,Commercial Turkey Meat Bird,22000
1369,Montgomery,Maryland,01-31-2025,WOAH Non-Poultry,10
1370,Mcdonald,Missouri,01-31-2025,Commercial Broiler Production,131400
1371,Mercer,Ohio,01-31-2025,Commercial Table Egg Layer,748800
1372,Barry,Missouri,01-31-2025,Commercial Turkey Meat Bird,34000
1373,Virginia Beach City,Virginia,01-31-2025,WOAH Non-Poultry,210
1374,Darke,Ohio,01-31-2025,Commercial Turkey Meat Bird,11700
1375,Placer,California,01-31-2024,WOAH Non-Poultry,20
1376,Mercer,Ohio,01-30-2025,Commercial Turkey Meat Bird,4600
1377,Darke,Ohio,01-30-2025,Commercial Table Egg Layer,150700
1378,Nance,Nebraska,01-30-2025,WOAH Non-Poultry,70
1379,Mcdonald,Missouri,01-30-2025,Commercial Turkey Meat Bird,11700
1380,Mercer,Ohio,01-30-2025,Commercial Table Egg Layer,437100
1381,Mercer,Ohio,01-30-2025,Commercial Turkey Meat Bird,21700
1382,Jerome,Idaho,01-30-2025,WOAH Non-Poultry,10
1383,Mercer,Ohio,01-30-2025,Commercial Turkey Meat Bird,8700
1384,Van Wert,Ohio,01-30-2025,Commercial Turkey Meat Bird,21400
1385,Monroe,Pennsylvania,01-30-2025,WOAH Non-Poultry,30
1386,Broward,Florida,01-30-2025,WOAH Non-Poultry,70
1387,Mercer,Ohio,01-30-2025,Commercial Turkey Meat Bird,11200
1388,Darke,Ohio,01-29-2025,Commercial Table Egg Layer,1356300
1389,Darke,Ohio,01-29-2025,Commercial Turkey Meat Bird,9700
1390,Mercer,Ohio,01-29-2025,Commercial Turkey Meat Bird,20100
1391,Newton,Missouri,01-29-2025,Commercial Turkey Meat Bird,19000
1392,Mercer,Ohio,01-29-2025,Commercial Turkey Meat Bird,9000
1393,Madera,California,01-29-2025,Commercial Duck Meat Bird,18600
1394,Merced,California,01-29-2025,Commercial Duck Meat Bird,87800
1395,San Mateo,California,01-29-2025,WOAH Non-Poultry,4
1396,Jackson,Indiana,01-28-2025,Commercial Table Egg Layer,2633900
1397,Kent,Delaware,01-28-2025,Commercial Broiler Production,145800
1398,Shelby,Indiana,01-28-2025,WOAH Non-Poultry,60
1399,Sampson,North Carolina,01-28-2025,Commercial Turkey Breeder Hens,24100
1400,Newton,Missouri,01-28-2025,Commercial Turkey Meat Bird,14300
1401,Lehigh,Pennsylvania,01-28-2025,WOAH Poultry,47900
1402,Mcdonald,Missouri,01-28-2025,Commercial Broiler Breeder,18300
1403,Adams,Indiana,01-27-2025,Commercial Turkey Meat Bird,19900
1404,Ulster,New York,01-27-2025,WOAH Non-Poultry,60
1405,Kearney,Nebraska,01-27-2025,WOAH Non-Poultry,90
1406,Mercer,Ohio,01-27-2025,Commercial Turkey Meat Bird,5100
1407,Pinal,Arizona,01-27-2025,Commercial Table Egg Layer,316600
1408,Mercer,Ohio,01-27-2025,Commercial Turkey Meat Bird,12600
1409,Mercer,Ohio,01-27-2025,Commercial Turkey Meat Bird,9300
1410,Mercer,Ohio,01-27-2025,Commercial Duck Meat Bird,12600
1411,Sampson,North Carolina,01-27-2025,Commercial Turkey Breeder Replacement Hens,1900
1412,Hancock,Maine,01-27-2023,WOAH Non-Poultry,40
1413,De Soto,Florida,01-26-2024,WOAH Non-Poultry,660
1414,Daviess,Indiana,01-25-2024,Commercial Turkey Meat Bird,13100
1415,Kennebec,Maine,01-25-2024,WOAH Non-Poultry,40
1416,Rowan,North Carolina,01-25-2023,WOAH Non-Poultry,2
1417,Buena Vista,Iowa,01-25-2023,Commercial Turkey Meat Bird,27700
1418,Polk,Oregon,01-25-2023,WOAH Non-Poultry,20
1419,Rockingham,Virginia,01-25-2023,Commercial Turkey Meat Bird,11100
1420,Suffolk,New York,01-25-2023,WOAH Non-Poultry,10
1421,Washington,Rhode Island,01-24-2025,WOAH Non-Poultry,50
1422,Mercer,Ohio,01-24-2025,Commercial Turkey Meat Bird,19600
1423,Mcdonald,Missouri,01-24-2025,Primary Broiler Breeder Pedigree Farm,650
1424,Mercer,Ohio,01-24-2025,Commercial Turkey Meat Bird,5100
1425,Darke,Ohio,01-24-2025,Commercial Turkey Meat Bird,22300
1426,Windsor,Vermont,01-24-2025,WOAH Non-Poultry,20
1427,Newton,Missouri,01-24-2025,Commercial Table Egg Layer,1149400
1428,Wadena,Minnesota,01-24-2025,Commercial Turkey Meat Bird,275600
1429,Plymouth,Massachusetts,01-24-2025,WOAH Non-Poultry,30
1430,Mercer,Ohio,01-24-2025,Commercial Turkey Meat Bird,18500
1431,Cleveland,Arkansas,01-24-2025,Commercial Broiler Breeder,19500
1432,Franklin,Washington,01-24-2025,Commercial Table Egg Layer,307800
1433,Allen,Indiana,01-24-2025,WOAH Poultry,26100
1434,Orange,Florida,01-24-2025,WOAH Non-Poultry,1
1435,New Haven,Connecticut,01-24-2025,WOAH Non-Poultry,30
1436,Darke,Ohio,01-24-2025,Commercial Table Egg Layer,1818000
1437,Mercer,Ohio,01-24-2025,Commercial Turkey Meat Bird,9500
1438,Mercer,Ohio,01-23-2025,Commercial Turkey Meat Bird,11200
1439,Putnam,New York,01-23-2025,WOAH Non-Poultry,60
1440,Yolo,California,01-23-2025,WOAH Non-Poultry,6
1441,Mercer,Ohio,01-23-2025,Commercial Table Egg Layer,85000
1442,Mercer,Ohio,01-23-2025,Commercial Table Egg Layer,1468900
1443,Darke,Ohio,01-23-2025,Commercial Table Egg Pullets,349200
1444,Edmunds,South Dakota,01-23-2024,Commercial Upland Gamebird Producer,22200
1445,Belknap,New Hampshire,01-23-2023,WOAH Non-Poultry,40
1446,Newton,Missouri,01-22-2025,Commercial Turkey Meat Bird,21300
1447,Cook,Illinois,01-22-2025,WOAH Poultry,500
1448,Newton,Missouri,01-22-2025,Commercial Turkey Meat Bird,23000
1449,Lawrence,Missouri,01-22-2025,Commercial Turkey Meat Bird,52400
1450,Jasper,Missouri,01-22-2025,Commercial Turkey Meat Bird,49400
1451,Dorchester,Maryland,01-22-2025,Commercial Broiler Production,143900
1452,Cleveland,Arkansas,01-22-2025,Commercial Broiler Production,106900
1453,Mitchell,Kansas,01-22-2024,Commercial Upland Gamebird Producer,5800
1454,Orangeburg,South Carolina,01-22-2024,WOAH Non-Poultry,40
1455,Caroline,Maryland,01-21-2025,Commercial Broiler Production,108400
1456,Elbert,Georgia,01-21-2025,Commercial Broiler Production,130400
1457,Accomack,Virginia,01-21-2025,Commercial Broiler Production,441000
1458,Newton,Missouri,01-21-2025,Commercial Table Egg Layer,1175800
1459,Umatilla,Oregon,01-21-2025,WOAH Non-Poultry,50
1460,Larimer,Colorado,01-20-2023,WOAH Non-Poultry,70
1461,Weakley,Tennessee,01-20-2023,Commercial Broiler Production,267800
1462,Snohomish,Washington,01-19-2023,WOAH Non-Poultry,20
1463,El Dorado,California,01-19-2023,WOAH Non-Poultry,20
1464,Rockingham,Virginia,01-19-2023,Commercial Turkey Meat Bird,25300
1465,Merced,California,01-18-2024,Commercial Table Egg Pullets,285600
1466,Licking,Ohio,01-18-2023,WOAH Non-Poultry,30
1467,Lampasas,Texas,01-18-2023,WOAH Poultry,70
1468,Darke,Ohio,01-17-2025,Commercial Table Egg Pullets,200000
1469,Elbert,Georgia,01-17-2025,Commercial Broiler Breeder,45500
1470,Darke,Ohio,01-17-2025,Commercial Table Egg Layer,103200
1471,Jay,Indiana,01-17-2025,Commercial Turkey Meat Bird,18800
1472,Suffolk,New York,01-17-2025,Commercial Duck Meat Bird,101000
1473,Horry,South Carolina,01-17-2024,WOAH Non-Poultry,190
1474,Mitchell,Kansas,01-17-2023,Commercial Upland Gamebird Producer,6900
1475,Riverside,California,01-16-2025,Commercial Table Egg Pullets,208200
1476,Wayne,Michigan,01-16-2025,WOAH Non-Poultry,120
1477,Mercer,Ohio,01-16-2025,Commercial Table Egg Layer,1432000
1478,Greene,Tennessee,01-16-2025,WOAH Non-Poultry,30
1479,Jay,Indiana,01-16-2025,Commercial Table Egg Layer,353300
1480,Dakota,Minnesota,01-16-2025,Commercial Turkey Meat Bird,79900
1481,Queen Anne's,Maryland,01-16-2025,Commercial Broiler Production,146900
1482,Spink,South Dakota,01-16-2024,Commercial Raised for Release Upland Game Bird,1900
1483,Cascade,Montana,01-16-2024,WOAH Non-Poultry,50
1484,Mitchell,Kansas,01-16-2024,WOAH Poultry,220
1485,Barnstable,Massachusetts,01-16-2024,WOAH Non-Poultry,150
1486,Darke,Ohio,01-15-2025,Commercial Turkey Meat Bird,15800
1487,Darke,Ohio,01-15-2025,Commercial Turkey Meat Bird,5300
1488,Mercer,Ohio,01-15-2025,Commercial Turkey Meat Bird,10400
1489,Darke,Ohio,01-15-2025,Commercial Turkey Meat Bird,5300
1490,New London,Connecticut,01-15-2025,WOAH Non-Poultry,20
1491,Owyhee,Idaho,01-15-2025,WOAH Non-Poultry,30
1492,Mercer,Ohio,01-14-2025,Commercial Turkey Meat Bird,4500
1493,Darke,Ohio,01-14-2025,Commercial Turkey Meat Bird,9900
1494,Orange,Florida,01-14-2025,Live Bird Market,1300
1495,Hillsborough,Florida,01-14-2025,Live Bird Market,280
1496,Newton,Missouri,01-14-2025,Commercial Table Egg Layer,1585100
1497,Caroline,Maryland,01-14-2025,Commercial Broiler Production,228300
1498,Phillips,Kansas,01-13-2025,WOAH Non-Poultry,60
1499,Culebra,Puerto Rico,01-13-2025,WOAH Poultry,380
1500,Tehama,California,01-12-2023,WOAH Poultry,23700
1501,Mitchell,Kansas,01-11-2024,Commercial Raised for Release Upland Game Bird,1400
1502,Douglas,Oregon,01-11-2023,WOAH Non-Poultry,0
1503,Gregory,South Dakota,01-10-2025,WOAH Non-Poultry,90
1504,Mitchell,Kansas,01-10-2024,Commercial Upland Gamebird Producer,3700
1505,York,Maine,01-10-2024,WOAH Non-Poultry,60
1506,Mitchell,Kansas,01-10-2024,Commercial Upland Gamebird Producer,32000
1507,Sherburne,Minnesota,01-10-2024,WOAH Non-Poultry,10
1508,Cascade,Montana,01-10-2023,WOAH Non-Poultry,10
1509,Darke,Ohio,01-09-2025,Commercial Turkey Meat Bird,21100
1510,Burnet,Texas,01-09-2025,WOAH Non-Poultry,10
1511,Oakland,Michigan,01-09-2025,WOAH Non-Poultry,100
1512,Clayton,Georgia,01-09-2025,WOAH Non-Poultry,10
1513,Canyon,Idaho,01-09-2025,WOAH Non-Poultry,50
1514,Union,Oregon,01-09-2025,WOAH Poultry,380
1515,Kent,Delaware,01-09-2025,Commercial Broiler Production,194800
1516,Brazoria,Texas,01-09-2025,WOAH Non-Poultry,90
1517,Sonoma,California,01-09-2023,WOAH Non-Poultry,6
1518,Sonoma,California,01-09-2023,WOAH Non-Poultry,20
1519,Scotts Bluff,Nebraska,01-09-2023,WOAH Non-Poultry,7
1520,San Joaquin,California,01-09-2023,WOAH Non-Poultry,10
1521,Perry,Missouri,01-08-2025,WOAH Non-Poultry,20
1522,Darke,Ohio,01-08-2025,Commercial Table Egg Layer,245300
1523,Merced,California,01-08-2024,WOAH Non-Poultry,30
1524,Sacramento,California,01-08-2024,WOAH Non-Poultry,30
1525,Arapahoe,Colorado,01-08-2024,WOAH Non-Poultry,20
1526,Hyde,North Carolina,01-07-2025,Commercial Table Egg Layer,3314900
1527,Clinton,Iowa,01-07-2025,WOAH Non-Poultry,40
1528,Palm Beach,Florida,01-07-2025,WOAH Non-Poultry,4
1529,Hanson,South Dakota,01-07-2025,WOAH Non-Poultry,50
1530,Jay,Indiana,01-07-2025,Commercial Turkey Meat Bird,20300
1531,Olmsted,Minnesota,01-06-2025,WOAH Non-Poultry,120
1532,Thurston,Washington,01-06-2023,WOAH Non-Poultry,120
1533,Weld,Colorado,01-06-2023,WOAH Non-Poultry,40
1534,Washburn,Wisconsin,01-05-2024,Commercial Turkey Meat Bird,41000
1535,Codington,South Dakota,01-05-2023,WOAH Poultry,140
1536,Kent,Delaware,01-04-2025,Commercial Broiler Production,125000
1537,Ottawa,Michigan,01-04-2025,Commercial Turkey Meat Bird,47000
1538,Ottawa,Michigan,01-04-2025,Commercial Turkey Meat Bird,55200
1539,Rice,Kansas,01-04-2024,Commercial Table Egg Pullets,240000
1540,Johnson,Missouri,01-04-2023,WOAH Non-Poultry,30
1541,Anderson,Kansas,01-04-2023,Commercial Upland Gamebird Producer,8900
1542,Josephine,Oregon,01-04-2023,WOAH Non-Poultry,30
1543,Canyon,Idaho,01-03-2025,WOAH Non-Poultry,20
1544,Pocahontas,West Virginia,01-03-2025,WOAH Poultry,9
1545,Canyon,Idaho,01-03-2025,WOAH Non-Poultry,20
1546,Butte,California,01-03-2025,Commercial Raised for Release Upland Game Bird,44700
1547,Stanislaus,California,01-03-2025,Commercial Broiler Production,236100
1548,Sharp,Arkansas,01-03-2025,WOAH Non-Poultry,20
1549,Canyon,Idaho,01-03-2025,WOAH Non-Poultry,70
1550,Canyon,Idaho,01-03-2025,WOAH Non-Poultry,20
1551,Sonoma,California,01-03-2024,Commercial Broiler Production,77900
1552,Merced,California,01-03-2024,Commercial Broiler Production,534800
1553,Merced,California,01-03-2024,Commercial Table Egg Layer,764300
1554,Stanislaus,California,01-02-2025,Commercial Table Egg Layer,75200
